video,segment_id,label,num_frames,start_frame,end_frame
Videos/82725/Visite_1/82725_Question_1_2024-11-19_15-12-23_Video.mp4,0,0,255,0,254
Videos/82904/Visite_1/82904_Question_7_2025-02-27_09-27-57_Video.mp4,0,0,334,0,333
Videos/82904/Visite_1/82904_Question_7_2025-02-27_09-27-57_Video.mp4,1,1,207,334,540
Videos/82620/Visite_1/82620_Question_7_2024-11-05_14-58-50_Video-DESKTOP-NQ55E0P.mp4,0,0,129,0,128
Videos/82620/Visite_1/82620_Question_7_2024-11-05_14-58-50_Video-DESKTOP-NQ55E0P.mp4,1,1,207,129,335
Videos/82620/Visite_1/82620_Question_7_2024-11-05_14-58-50_Video-DESKTOP-NQ55E0P.mp4,2,0,791,336,1126
Videos/82620/Visite_1/82620_Question_7_2024-11-05_14-58-50_Video-DESKTOP-NQ55E0P.mp4,3,1,249,1127,1375
Videos/82621/Visite_1/82621_Question_7_2024-11-05_14-59-45_Video.mp4,0,0,36,0,35
Videos/82621/Visite_1/82621_Question_7_2024-11-05_14-59-45_Video.mp4,1,1,79,36,114
Videos/82621/Visite_1/82621_Question_7_2024-11-05_14-59-45_Video.mp4,2,0,257,115,371
Videos/82567/Visite_1/82567_Question_7_2024-10-02_15-46-17_Video.mp4,0,0,146,0,145
Videos/82567/Visite_1/82567_Question_7_2024-10-02_15-46-17_Video.mp4,1,1,78,146,223
Videos/82567/Visite_1/82567_Question_7_2024-10-02_15-46-17_Video.mp4,2,0,203,224,426
Videos/82567/Visite_1/82567_Question_7_2024-10-02_15-46-17_Video.mp4,3,1,95,427,521
Videos/82567/Visite_1/82567_Question_7_2024-10-02_15-46-17_Video.mp4,4,0,32,522,553
Videos/82570/Visite_1/82570_Question_5_2024-10-02_16-00-57_Video.mp4,0,0,508,0,507
Videos/82880/Visite_1/82880_Question_1_2025-02-22_11-19-19_Video.mp4,0,0,217,0,216
Videos/82553/Visite_1/82553_Question_1_2024-08-22_12-11-55_Video.mp4,0,0,51,0,50
Videos/82553/Visite_1/82553_Question_1_2024-08-22_12-11-55_Video.mp4,1,1,45,51,95
Videos/82553/Visite_1/82553_Question_1_2024-08-22_12-11-55_Video.mp4,2,0,322,96,417
Videos/82759/Visite_1/82759_Question_3_2024-12-03_18-55-20_Video.mp4,0,0,41,0,40
Videos/82759/Visite_1/82759_Question_3_2024-12-03_18-55-20_Video.mp4,1,1,79,41,119
Videos/82759/Visite_1/82759_Question_3_2024-12-03_18-55-20_Video.mp4,2,0,263,120,382
Videos/82759/Visite_1/82759_Question_3_2024-12-03_18-55-20_Video.mp4,3,1,51,383,433
Videos/82759/Visite_1/82759_Question_3_2024-12-03_18-55-20_Video.mp4,5,1,28,436,463
Videos/82759/Visite_1/82759_Question_3_2024-12-03_18-55-20_Video.mp4,6,0,62,464,525
Videos/82647/Visite_1/82647_Question_5_2024-11-12_19-01-45_Video.mp4,0,0,294,0,293
Videos/82817/Visite_1/82817_Question_6_2025-02-01_02-05-07_Video.mp4,0,0,507,0,506
Videos/82817/Visite_1/82817_Question_6_2025-02-01_02-05-07_Video.mp4,1,1,69,507,575
Videos/82817/Visite_1/82817_Question_6_2025-02-01_02-05-07_Video.mp4,3,1,162,585,746
Videos/82705/Visite_1/82705_Question_1_2024-11-18_13-38-09_Video.mp4,0,0,143,0,142
Videos/82660/Visite_1/82660_Question_2_2024-11-13_12-14-19_Video.mp4,0,0,117,0,116
Videos/82660/Visite_1/82660_Question_2_2024-11-13_12-14-19_Video.mp4,1,1,50,117,166
Videos/82660/Visite_1/82660_Question_2_2024-11-13_12-14-19_Video.mp4,2,0,146,167,312
Videos/82869/Visite_1/82869_Question_1_2025-02-20_15-13-20_Video.mp4,0,0,232,0,231
Videos/82869/Visite_1/82869_Question_1_2025-02-20_15-13-20_Video.mp4,1,1,75,232,306
Videos/82869/Visite_1/82869_Question_1_2025-02-20_15-13-20_Video.mp4,3,1,77,317,393
Videos/82869/Visite_1/82869_Question_1_2025-02-20_15-13-20_Video.mp4,4,0,103,394,496
Videos/82577/Visite_1/82577_Question_6_2024-10-02_16-09-15_Video.mp4,0,0,395,0,394
Videos/82577/Visite_1/82577_Question_6_2024-10-02_16-09-15_Video.mp4,1,1,135,395,529
Videos/82577/Visite_1/82577_Question_6_2024-10-02_16-09-15_Video.mp4,2,0,142,530,671
Videos/82727/Visite_1/82727_Question_6_2024-11-19_15-48-08_Video.mp4,0,0,90,0,89
Videos/82727/Visite_1/82727_Question_6_2024-11-19_15-48-08_Video.mp4,1,1,149,90,238
Videos/82751/Visite_1/82751_Question_5_2024-11-28_01-42-03_Video.mp4,0,0,529,0,528
Videos/82751/Visite_1/82751_Question_5_2024-11-28_01-42-03_Video.mp4,1,1,323,529,851
Videos/82751/Visite_1/82751_Question_5_2024-11-28_01-42-03_Video.mp4,2,0,93,852,944
Videos/82913/Visite_1/82913_Question_7_2025-03-01_19-07-08_Video.mp4,0,0,42,0,41
Videos/82913/Visite_1/82913_Question_7_2025-03-01_19-07-08_Video.mp4,1,1,58,42,99
Videos/82913/Visite_1/82913_Question_7_2025-03-01_19-07-08_Video.mp4,2,0,153,100,252
Videos/82590/Visite_1/82590_Question_1_2024-10-02_16-13-01_Video.mp4,0,0,96,0,95
Videos/82590/Visite_1/82590_Question_1_2024-10-02_16-13-01_Video.mp4,1,1,56,96,151
Videos/82590/Visite_1/82590_Question_1_2024-10-02_16-13-01_Video.mp4,2,0,60,152,211
Videos/82590/Visite_1/82590_Question_1_2024-10-02_16-13-01_Video.mp4,3,1,57,212,268
Videos/82590/Visite_1/82590_Question_1_2024-10-02_16-13-01_Video.mp4,4,0,184,269,452
Videos/82590/Visite_1/82590_Question_1_2024-10-02_16-13-01_Video.mp4,5,1,63,453,515
Videos/82590/Visite_1/82590_Question_1_2024-10-02_16-13-01_Video.mp4,7,1,67,527,593
Videos/82590/Visite_1/82590_Question_1_2024-10-02_16-13-01_Video.mp4,8,0,270,594,863
Videos/82590/Visite_1/82590_Question_1_2024-10-02_16-13-01_Video.mp4,9,1,64,864,927
Videos/82590/Visite_1/82590_Question_1_2024-10-02_16-13-01_Video.mp4,10,0,31,928,958
Videos/82590/Visite_1/82590_Question_1_2024-10-02_16-13-01_Video.mp4,11,1,65,959,1023
Videos/82590/Visite_1/82590_Question_1_2024-10-02_16-13-01_Video.mp4,12,0,112,1024,1135
Videos/82664/Visite_1/82664_Question_2_2024-11-13_15-38-15_Video.mp4,0,0,539,0,538
Videos/82758/Visite_1/82758_Question_6_2024-12-03_18-48-10_Video.mp4,0,0,229,0,228
Videos/82709/Visite_1/82709_Question_3_2024-11-18_15-20-30_Video.mp4,0,0,395,0,394
Videos/82758/Visite_1/82758_Question_5_2024-12-03_18-50-09_Video.mp4,0,0,263,0,262
Videos/82804/Visite_1/82804_Question_2_2025-01-30_14-31-39_Video.mp4,0,0,755,0,754
Videos/82900/Visite_1/82900_Question_1_2025-02-26_19-19-43_Video.mp4,0,0,574,0,573
Videos/82887/Visite_1/82887_Question_1_2025-02-24_14-13-48_Video.mp4,0,0,911,0,910
Videos/82745/Visite_1/82745_Question_6_2024-11-27_22-04-05_Video.mp4,0,0,657,0,656
Videos/82612/Visite_1/82612_Question_5_2024-11-04_12-32-34_Video-DESKTOP-NQ55E0P.mp4,0,0,363,0,362
Videos/82678/Visite_1/82678_Question_1_2024-11-13_23-18-44_Video.mp4,0,0,252,0,251
Videos/82704/Visite_1/82704_Question_7_2024-11-18_13-39-08_Video.mp4,0,0,71,0,70
Videos/82704/Visite_1/82704_Question_7_2024-11-18_13-39-08_Video.mp4,1,1,139,71,209
Videos/82704/Visite_1/82704_Question_7_2024-11-18_13-39-08_Video.mp4,3,1,95,222,316
Videos/82704/Visite_1/82704_Question_7_2024-11-18_13-39-08_Video.mp4,4,0,90,317,406
Videos/82704/Visite_1/82704_Question_7_2024-11-18_13-39-08_Video.mp4,5,1,183,407,589
Videos/82704/Visite_1/82704_Question_7_2024-11-18_13-39-08_Video.mp4,6,0,88,590,677
Videos/82699/Visite_1/82699_Question_5_2024-11-17_13-11-32_Video.mp4,0,0,82,0,81
Videos/82699/Visite_1/82699_Question_5_2024-11-17_13-11-32_Video.mp4,1,1,145,82,226
Videos/82699/Visite_1/82699_Question_5_2024-11-17_13-11-32_Video.mp4,2,0,111,227,337
Videos/82815/Visite_1/82815_Question_4_2025-01-31_22-25-30_Video.mp4,1,1,74,11,84
Videos/82815/Visite_1/82815_Question_4_2025-01-31_22-25-30_Video.mp4,2,0,182,85,266
Videos/82790/Visite_1/82790_Question_2_2024-12-13_21-03-57_Video.mp4,0,0,263,0,262
Videos/82790/Visite_1/82790_Question_2_2024-12-13_21-03-57_Video.mp4,1,1,76,263,338
Videos/82790/Visite_1/82790_Question_2_2024-12-13_21-03-57_Video.mp4,2,0,592,339,930
Videos/82652/Visite_1/82652_Question_3_2024-11-13_07-45-12_Video.mp4,0,0,1302,0,1301
Videos/82652/Visite_1/82652_Question_3_2024-11-13_07-45-12_Video.mp4,1,1,159,1302,1460
Videos/82652/Visite_1/82652_Question_3_2024-11-13_07-45-12_Video.mp4,2,0,233,1461,1693
Videos/82787/Visite_1/82787_Question_7_2024-12-12_21-43-49_Video.mp4,0,0,95,0,94
Videos/82787/Visite_1/82787_Question_7_2024-12-12_21-43-49_Video.mp4,1,1,72,95,166
Videos/82787/Visite_1/82787_Question_7_2024-12-12_21-43-49_Video.mp4,2,0,90,167,256
Videos/82787/Visite_1/82787_Question_7_2024-12-12_21-43-49_Video.mp4,3,1,72,257,328
Videos/82709/Visite_1/82709_Question_1_2024-11-18_15-16-15_Video.mp4,0,0,481,0,480
Videos/82908/Visite_1/82908_Question_3_2025-02-28_12-21-27_Video.mp4,0,0,444,0,443
Videos/82576/Visite_1/82576_Question_1_2024-10-02_15-59-59_Video.mp4,0,0,249,0,248
Videos/82554/Visite_1/82554_Question_1_2024-08-22_12-16-12_Video.mp4,0,0,313,0,312
Videos/82554/Visite_1/82554_Question_1_2024-08-22_12-16-12_Video.mp4,1,1,52,313,364
Videos/82554/Visite_1/82554_Question_1_2024-08-22_12-16-12_Video.mp4,2,0,184,365,548
Videos/82554/Visite_1/82554_Question_1_2024-08-22_12-16-12_Video.mp4,3,1,70,549,618
Videos/82554/Visite_1/82554_Question_1_2024-08-22_12-16-12_Video.mp4,4,0,319,619,937
Videos/82913/Visite_1/82913_Question_5_2025-03-01_19-06-41_Video.mp4,0,0,107,0,106
Videos/82806/Visite_1/82806_Question_6_2025-01-30_18-12-29_Video.mp4,0,0,163,0,162
Videos/82804/Visite_1/82804_Question_5_2025-01-30_14-28-46_Video.mp4,0,0,424,0,423
Videos/82779/Visite_1/82779_Question_6_2024-12-08_19-15-56_Video.mp4,0,0,284,0,283
Videos/82779/Visite_1/82779_Question_6_2024-12-08_19-15-56_Video.mp4,1,1,171,284,454
Videos/82779/Visite_1/82779_Question_6_2024-12-08_19-15-56_Video.mp4,2,0,587,455,1041
Videos/82695/Visite_1/82695_Question_2_2024-11-16_08-57-50_Video.mp4,0,0,53,0,52
Videos/82695/Visite_1/82695_Question_2_2024-11-16_08-57-50_Video.mp4,1,1,123,53,175
Videos/82695/Visite_1/82695_Question_2_2024-11-16_08-57-50_Video.mp4,2,0,77,176,252
Videos/82695/Visite_1/82695_Question_2_2024-11-16_08-57-50_Video.mp4,3,1,116,253,368
Videos/82695/Visite_1/82695_Question_2_2024-11-16_08-57-50_Video.mp4,5,1,90,379,468
Videos/82695/Visite_1/82695_Question_2_2024-11-16_08-57-50_Video.mp4,6,0,31,469,499
Videos/82581/Visite_1/82581_Question_4_2024-10-02_16-15-06_Video.mp4,1,1,74,15,88
Videos/82581/Visite_1/82581_Question_4_2024-10-02_16-15-06_Video.mp4,2,0,69,89,157
Videos/82581/Visite_1/82581_Question_4_2024-10-02_16-15-06_Video.mp4,3,1,42,158,199
Videos/82581/Visite_1/82581_Question_4_2024-10-02_16-15-06_Video.mp4,4,0,77,200,276
Videos/82581/Visite_1/82581_Question_4_2024-10-02_16-15-06_Video.mp4,5,1,50,277,326
Videos/82581/Visite_1/82581_Question_4_2024-10-02_16-15-06_Video.mp4,6,0,157,327,483
Videos/82612/Visite_1/82612_Question_4_2024-11-04_12-30-13_Video-DESKTOP-NQ55E0P.mp4,1,1,120,14,133
Videos/82612/Visite_1/82612_Question_4_2024-11-04_12-30-13_Video-DESKTOP-NQ55E0P.mp4,2,0,102,134,235
Videos/82612/Visite_1/82612_Question_4_2024-11-04_12-30-13_Video-DESKTOP-NQ55E0P.mp4,3,1,82,236,317
Videos/82612/Visite_1/82612_Question_4_2024-11-04_12-30-13_Video-DESKTOP-NQ55E0P.mp4,4,0,138,318,455
Videos/82612/Visite_1/82612_Question_4_2024-11-04_12-30-13_Video-DESKTOP-NQ55E0P.mp4,5,1,88,456,543
Videos/82809/Visite_1/82809_Question_5_2025-01-31_17-20-31_Video.mp4,0,0,158,0,157
Videos/82809/Visite_1/82809_Question_5_2025-01-31_17-20-31_Video.mp4,1,1,98,158,255
Videos/82809/Visite_1/82809_Question_5_2025-01-31_17-20-31_Video.mp4,2,0,60,256,315
Videos/82588/Visite_1/82588_Question_6_2024-10-02_16-11-56_Video-DESKTOP-NQ55E0P.mp4,0,0,215,0,214
Videos/82650/Visite_1/82650_Question_1_2024-11-13_00-33-54_Video.mp4,0,0,303,0,302
Videos/82779/Visite_1/82779_Question_7_2024-12-08_19-18-39_Video.mp4,0,0,795,0,794
Videos/82779/Visite_1/82779_Question_7_2024-12-08_19-18-39_Video.mp4,1,1,232,795,1026
Videos/82845/Visite_1/82845_Question_7_2025-02-12_14-14-04_Video.mp4,0,0,71,0,70
Videos/82845/Visite_1/82845_Question_7_2025-02-12_14-14-04_Video.mp4,1,1,143,71,213
Videos/82845/Visite_1/82845_Question_7_2025-02-12_14-14-04_Video.mp4,2,0,168,214,381
Videos/82845/Visite_1/82845_Question_7_2025-02-12_14-14-04_Video.mp4,3,1,62,382,443
Videos/82845/Visite_1/82845_Question_7_2025-02-12_14-14-04_Video.mp4,4,0,111,444,554
Videos/82845/Visite_1/82845_Question_7_2025-02-12_14-14-04_Video.mp4,5,1,76,555,630
Videos/82845/Visite_1/82845_Question_7_2025-02-12_14-14-04_Video.mp4,6,0,132,631,762
Videos/82845/Visite_1/82845_Question_7_2025-02-12_14-14-04_Video.mp4,7,1,77,763,839
Videos/82845/Visite_1/82845_Question_7_2025-02-12_14-14-04_Video.mp4,8,0,65,840,904
Videos/82845/Visite_1/82845_Question_7_2025-02-12_14-14-04_Video.mp4,9,1,61,905,965
Videos/82845/Visite_1/82845_Question_7_2025-02-12_14-14-04_Video.mp4,10,0,303,966,1268
Videos/82596/Visite_1/82596_Question_5_2024-10-30_21-46-09_Video-DESKTOP-NQ55E0P.mp4,0,0,222,0,221
Videos/82638/Visite_1/82638_Question_6_2024-11-08_19-37-36_Video.mp4,0,0,672,0,671
Videos/82794/Visite_1/82794_Question_2_2025-01-30_12-50-20_Video.mp4,0,0,34,0,33
Videos/82794/Visite_1/82794_Question_2_2025-01-30_12-50-20_Video.mp4,1,1,78,34,111
Videos/82794/Visite_1/82794_Question_2_2025-01-30_12-50-20_Video.mp4,2,0,355,112,466
Videos/82554/Visite_1/82554_Question_3_2024-08-22_12-25-12_Video.mp4,0,0,1031,0,1030
Videos/82554/Visite_1/82554_Question_3_2024-08-22_12-25-12_Video.mp4,1,1,129,1031,1159
Videos/82554/Visite_1/82554_Question_3_2024-08-22_12-25-12_Video.mp4,2,0,78,1160,1237
Videos/82695/Visite_1/82695_Question_5_2024-11-16_08-53-43_Video.mp4,0,0,23,0,22
Videos/82695/Visite_1/82695_Question_5_2024-11-16_08-53-43_Video.mp4,1,1,153,23,175
Videos/82695/Visite_1/82695_Question_5_2024-11-16_08-53-43_Video.mp4,2,0,110,176,285
Videos/82730/Visite_1/82730_Question_5_2024-11-19_20-55-17_Video.mp4,0,0,1649,0,1648
Videos/82570/Visite_1/82570_Question_2_2024-10-02_15-58-32_Video.mp4,0,0,21,0,20
Videos/82570/Visite_1/82570_Question_2_2024-10-02_15-58-32_Video.mp4,1,1,53,21,73
Videos/82570/Visite_1/82570_Question_2_2024-10-02_15-58-32_Video.mp4,2,0,367,74,440
Videos/82856/Visite_1/82856_Question_3_2025-02-18_22-01-37_Video.mp4,0,0,440,0,439
Videos/82856/Visite_1/82856_Question_3_2025-02-18_22-01-37_Video.mp4,1,1,181,440,620
Videos/82856/Visite_1/82856_Question_3_2025-02-18_22-01-37_Video.mp4,2,0,492,621,1112
Videos/82813/Visite_1/82813_Question_3_2025-01-31_19-18-58_Video.mp4,0,0,1098,0,1097
Videos/82765/Visite_1/82765_Question_6_2024-12-04_10-39-24_Video.mp4,0,0,146,0,145
Videos/82765/Visite_1/82765_Question_6_2024-12-04_10-39-24_Video.mp4,1,1,71,146,216
Videos/82765/Visite_1/82765_Question_6_2024-12-04_10-39-24_Video.mp4,2,0,247,217,463
Videos/82553/Visite_1/82553_Question_2_2024-08-22_12-17-23_Video.mp4,0,0,40,0,39
Videos/82553/Visite_1/82553_Question_2_2024-08-22_12-17-23_Video.mp4,1,1,65,40,104
Videos/82553/Visite_1/82553_Question_2_2024-08-22_12-17-23_Video.mp4,3,1,146,118,263
Videos/82553/Visite_1/82553_Question_2_2024-08-22_12-17-23_Video.mp4,4,0,157,264,420
Videos/82817/Visite_1/82817_Question_4_2025-02-01_02-06-57_Video.mp4,0,0,276,0,275
Videos/82817/Visite_1/82817_Question_4_2025-02-01_02-06-57_Video.mp4,1,1,120,276,395
Videos/82817/Visite_1/82817_Question_4_2025-02-01_02-06-57_Video.mp4,2,0,61,396,456
Videos/82817/Visite_1/82817_Question_4_2025-02-01_02-06-57_Video.mp4,3,1,106,457,562
Videos/82817/Visite_1/82817_Question_4_2025-02-01_02-06-57_Video.mp4,4,0,105,563,667
Videos/82817/Visite_1/82817_Question_4_2025-02-01_02-06-57_Video.mp4,5,1,137,668,804
Videos/82795/Visite_1/82795_Question_1_2025-01-30_12-52-09_Video.mp4,0,0,1201,0,1200
Videos/82814/Visite_1/82814_Question_7_2025-01-31_19-26-35_Video.mp4,0,0,302,0,301
Videos/82584/Visite_1/82584_Question_6_2024-10-02_16-17-30_Video.mp4,0,0,205,0,204
Videos/82587/Visite_1/82587_Question_1_2024-10-02_16-09-56_Video-DESKTOP-NQ55E0P.mp4,0,0,307,0,306
Videos/82567/Visite_1/82567_Question_6_2024-10-02_15-48-50_Video.mp4,0,0,331,0,330
Videos/82567/Visite_1/82567_Question_6_2024-10-02_15-48-50_Video.mp4,1,1,74,331,404
Videos/82567/Visite_1/82567_Question_6_2024-10-02_15-48-50_Video.mp4,2,0,141,405,545
Videos/82695/Visite_1/82695_Question_6_2024-11-16_08-54-34_Video.mp4,0,0,70,0,69
Videos/82695/Visite_1/82695_Question_6_2024-11-16_08-54-34_Video.mp4,1,1,139,70,208
Videos/82695/Visite_1/82695_Question_6_2024-11-16_08-54-34_Video.mp4,2,0,73,209,281
Videos/82553/Visite_1/82553_Question_6_2024-08-22_12-15-47_Video.mp4,0,0,339,0,338
Videos/82553/Visite_1/82553_Question_6_2024-08-22_12-15-47_Video.mp4,1,1,105,339,443
Videos/82553/Visite_1/82553_Question_6_2024-08-22_12-15-47_Video.mp4,2,0,31,444,474
Videos/82658/Visite_1/82658_Question_4_2024-11-13_11-56-31_Video.mp4,0,0,186,0,185
Videos/82658/Visite_1/82658_Question_4_2024-11-13_11-56-31_Video.mp4,1,1,39,186,224
Videos/82658/Visite_1/82658_Question_4_2024-11-13_11-56-31_Video.mp4,2,0,122,225,346
Videos/82658/Visite_1/82658_Question_4_2024-11-13_11-56-31_Video.mp4,3,1,90,347,436
Videos/82658/Visite_1/82658_Question_4_2024-11-13_11-56-31_Video.mp4,4,0,168,437,604
Videos/82743/Visite_1/82743_Question_2_2024-11-27_18-09-23_Video.mp4,0,0,445,0,444
Videos/82641/Visite_1/82641_Question_2_2024-11-11_11-34-21_Video.mp4,0,0,150,0,149
Videos/82641/Visite_1/82641_Question_2_2024-11-11_11-34-21_Video.mp4,1,1,79,150,228
Videos/82641/Visite_1/82641_Question_2_2024-11-11_11-34-21_Video.mp4,2,0,105,229,333
Videos/82641/Visite_1/82641_Question_2_2024-11-11_11-34-21_Video.mp4,3,1,70,334,403
Videos/82727/Visite_1/82727_Question_1_2024-11-19_15-45-59_Video.mp4,0,0,476,0,475
Videos/82728/Visite_1/82728_Question_7_2024-11-19_18-38-27_Video.mp4,0,0,119,0,118
Videos/82728/Visite_1/82728_Question_7_2024-11-19_18-38-27_Video.mp4,1,1,67,119,185
Videos/82728/Visite_1/82728_Question_7_2024-11-19_18-38-27_Video.mp4,2,0,100,186,285
Videos/82728/Visite_1/82728_Question_7_2024-11-19_18-38-27_Video.mp4,3,1,198,286,483
Videos/82728/Visite_1/82728_Question_7_2024-11-19_18-38-27_Video.mp4,4,0,19,484,502
Videos/82728/Visite_1/82728_Question_7_2024-11-19_18-38-27_Video.mp4,5,1,176,503,678
Videos/82728/Visite_1/82728_Question_7_2024-11-19_18-38-27_Video.mp4,6,0,60,679,738
Videos/82809/Visite_1/82809_Question_7_2025-01-31_17-22-13_Video.mp4,0,0,460,0,459
Videos/82752/Visite_1/82752_Question_1_2024-11-28_09-01-50_Video.mp4,0,0,17,0,16
Videos/82752/Visite_1/82752_Question_1_2024-11-28_09-01-50_Video.mp4,1,1,56,17,72
Videos/82752/Visite_1/82752_Question_1_2024-11-28_09-01-50_Video.mp4,2,0,32,73,104
Videos/82752/Visite_1/82752_Question_1_2024-11-28_09-01-50_Video.mp4,3,1,64,105,168
Videos/82752/Visite_1/82752_Question_1_2024-11-28_09-01-50_Video.mp4,4,0,31,169,199
Videos/82678/Visite_1/82678_Question_2_2024-11-13_23-19-17_Video.mp4,0,0,85,0,84
Videos/82678/Visite_1/82678_Question_2_2024-11-13_23-19-17_Video.mp4,1,1,47,85,131
Videos/82678/Visite_1/82678_Question_2_2024-11-13_23-19-17_Video.mp4,2,0,18,132,149
Videos/82678/Visite_1/82678_Question_2_2024-11-13_23-19-17_Video.mp4,3,1,52,150,201
Videos/82678/Visite_1/82678_Question_2_2024-11-13_23-19-17_Video.mp4,4,0,51,202,252
Videos/82596/Visite_1/82596_Question_3_2024-10-30_21-47-48_Video.mp4,0,0,131,0,130
Videos/82596/Visite_1/82596_Question_3_2024-10-30_21-47-48_Video.mp4,1,1,99,131,229
Videos/82596/Visite_1/82596_Question_3_2024-10-30_21-47-48_Video.mp4,2,0,220,230,449
Videos/82621/Visite_1/82621_Question_3_2024-11-05_15-01-21_Video-DESKTOP-NQ55E0P.mp4,0,0,493,0,492
Videos/82745/Visite_1/82745_Question_1_2024-11-27_22-02-53_Video.mp4,0,0,412,0,411
Videos/82654/Visite_1/82654_Question_5_2024-11-13_08-21-26_Video.mp4,0,0,430,0,429
Videos/82654/Visite_1/82654_Question_5_2024-11-13_08-21-26_Video.mp4,1,1,209,430,638
Videos/82654/Visite_1/82654_Question_5_2024-11-13_08-21-26_Video.mp4,2,0,123,639,761
Videos/82701/Visite_1/82701_Question_6_2024-11-18_12-15-12_Video.mp4,0,0,239,0,238
Videos/82701/Visite_1/82701_Question_6_2024-11-18_12-15-12_Video.mp4,1,1,163,239,401
Videos/82701/Visite_1/82701_Question_6_2024-11-18_12-15-12_Video.mp4,2,0,38,402,439
Videos/82701/Visite_1/82701_Question_6_2024-11-18_12-15-12_Video.mp4,3,1,88,440,527
Videos/82701/Visite_1/82701_Question_6_2024-11-18_12-15-12_Video.mp4,4,0,88,528,615
Videos/82701/Visite_1/82701_Question_6_2024-11-18_12-15-12_Video.mp4,5,1,171,616,786
Videos/82756/Visite_1/82756_Question_5_2024-11-28_12-21-16_Video.mp4,0,0,60,0,59
Videos/82756/Visite_1/82756_Question_5_2024-11-28_12-21-16_Video.mp4,1,1,140,60,199
Videos/82756/Visite_1/82756_Question_5_2024-11-28_12-21-16_Video.mp4,2,0,231,200,430
Videos/82809/Visite_1/82809_Question_6_2025-01-31_17-21-08_Video.mp4,0,0,358,0,357
Videos/82912/Visite_1/82912_Question_5_2025-03-01_11-57-02_Video.mp4,0,0,569,0,568
Videos/82873/Visite_1/82873_Question_5_2025-02-20_16-22-00_Video.mp4,0,0,119,0,118
Videos/82873/Visite_1/82873_Question_5_2025-02-20_16-22-00_Video.mp4,1,1,44,119,162
Videos/82873/Visite_1/82873_Question_5_2025-02-20_16-22-00_Video.mp4,2,0,100,163,262
Videos/82820/Visite_1/82820_Question_6_2025-02-02_05-04-51_Video.mp4,0,0,450,0,449
Videos/82678/Visite_1/82678_Question_5_2024-11-13_23-21-03_Video.mp4,1,1,42,15,56
Videos/82678/Visite_1/82678_Question_5_2024-11-13_23-21-03_Video.mp4,2,0,112,57,168
Videos/82570/Visite_1/82570_Question_3_2024-10-02_15-59-14_Video.mp4,0,0,45,0,44
Videos/82570/Visite_1/82570_Question_3_2024-10-02_15-59-14_Video.mp4,1,1,73,45,117
Videos/82570/Visite_1/82570_Question_3_2024-10-02_15-59-14_Video.mp4,2,0,26,118,143
Videos/82570/Visite_1/82570_Question_3_2024-10-02_15-59-14_Video.mp4,3,1,72,144,215
Videos/82570/Visite_1/82570_Question_3_2024-10-02_15-59-14_Video.mp4,4,0,76,216,291
Videos/82645/Visite_1/82645_Question_6_2024-11-11_15-27-42_Video.mp4,0,0,369,0,368
Videos/82645/Visite_1/82645_Question_6_2024-11-11_15-27-42_Video.mp4,1,1,132,369,500
Videos/82645/Visite_1/82645_Question_6_2024-11-11_15-27-42_Video.mp4,2,0,815,501,1315
Videos/82645/Visite_1/82645_Question_6_2024-11-11_15-27-42_Video.mp4,3,1,198,1316,1513
Videos/82645/Visite_1/82645_Question_6_2024-11-11_15-27-42_Video.mp4,4,0,531,1514,2044
Videos/82645/Visite_1/82645_Question_6_2024-11-11_15-27-42_Video.mp4,5,1,95,2045,2139
Videos/82645/Visite_1/82645_Question_6_2024-11-11_15-27-42_Video.mp4,6,0,19,2140,2158
Videos/82587/Visite_1/82587_Question_5_2024-10-02_16-14-19_Video.mp4,0,0,388,0,387
Videos/82765/Visite_1/82765_Question_4_2024-12-04_10-42-25_Video.mp4,0,0,113,0,112
Videos/82765/Visite_1/82765_Question_4_2024-12-04_10-42-25_Video.mp4,1,1,59,113,171
Videos/82765/Visite_1/82765_Question_4_2024-12-04_10-42-25_Video.mp4,2,0,77,172,248
Videos/82806/Visite_1/82806_Question_5_2025-01-30_18-12-59_Video.mp4,0,0,141,0,140
Videos/82897/Visite_1/82897_Question_2_2025-02-26_01-30-00_Video.mp4,0,0,626,0,625
Videos/82603/Visite_1/82603_Question_7_2024-11-01_23-50-53_Video.mp4,0,0,126,0,125
Videos/82603/Visite_1/82603_Question_7_2024-11-01_23-50-53_Video.mp4,1,1,72,126,197
Videos/82603/Visite_1/82603_Question_7_2024-11-01_23-50-53_Video.mp4,2,0,52,198,249
Videos/82603/Visite_1/82603_Question_7_2024-11-01_23-50-53_Video.mp4,3,1,116,250,365
Videos/82603/Visite_1/82603_Question_7_2024-11-01_23-50-53_Video.mp4,4,0,53,366,418
Videos/82603/Visite_1/82603_Question_7_2024-11-01_23-50-53_Video.mp4,5,1,126,419,544
Videos/82678/Visite_1/82678_Question_6_2024-11-13_23-21-33_Video.mp4,0,0,18,0,17
Videos/82678/Visite_1/82678_Question_6_2024-11-13_23-21-33_Video.mp4,1,1,51,18,68
Videos/82678/Visite_1/82678_Question_6_2024-11-13_23-21-33_Video.mp4,2,0,73,69,141
Videos/82678/Visite_1/82678_Question_6_2024-11-13_23-21-33_Video.mp4,3,1,69,142,210
Videos/82820/Visite_1/82820_Question_2_2025-02-02_04-59-50_Video.mp4,0,0,402,0,401
Videos/82783/Visite_1/82783_Question_2_2024-12-09_22-53-45_Video.mp4,0,0,155,0,154
Videos/82783/Visite_1/82783_Question_2_2024-12-09_22-53-45_Video.mp4,1,1,56,155,210
Videos/82783/Visite_1/82783_Question_2_2024-12-09_22-53-45_Video.mp4,2,0,327,211,537
Videos/82783/Visite_1/82783_Question_2_2024-12-09_22-53-45_Video.mp4,3,1,102,538,639
Videos/82783/Visite_1/82783_Question_2_2024-12-09_22-53-45_Video.mp4,4,0,120,640,759
Videos/82779/Visite_1/82779_Question_5_2024-12-08_19-16-46_Video.mp4,0,0,311,0,310
Videos/82582/Visite_1/82582_Question_7_2024-10-02_16-08-27_Video.mp4,0,0,95,0,94
Videos/82582/Visite_1/82582_Question_7_2024-10-02_16-08-27_Video.mp4,1,1,52,95,146
Videos/82582/Visite_1/82582_Question_7_2024-10-02_16-08-27_Video.mp4,2,0,134,147,280
Videos/82582/Visite_1/82582_Question_7_2024-10-02_16-08-27_Video.mp4,3,1,49,281,329
Videos/82866/Visite_1/82866_Question_7_2025-02-20_14-54-53_Video.mp4,0,0,248,0,247
Videos/82577/Visite_1/82577_Question_2_2024-10-02_16-06-56_Video.mp4,0,0,239,0,238
Videos/82577/Visite_1/82577_Question_2_2024-10-02_16-06-56_Video.mp4,1,1,103,239,341
Videos/82577/Visite_1/82577_Question_2_2024-10-02_16-06-56_Video.mp4,2,0,227,342,568
Videos/82620/Visite_1/82620_Question_6_2024-11-05_15-00-02_Video.mp4,0,0,42,0,41
Videos/82620/Visite_1/82620_Question_6_2024-11-05_15-00-02_Video.mp4,1,1,51,42,92
Videos/82620/Visite_1/82620_Question_6_2024-11-05_15-00-02_Video.mp4,2,0,573,93,665
Videos/82620/Visite_1/82620_Question_6_2024-11-05_15-00-02_Video.mp4,3,1,93,666,758
Videos/82620/Visite_1/82620_Question_6_2024-11-05_15-00-02_Video.mp4,4,0,31,759,789
Videos/82765/Visite_1/82765_Question_3_2024-12-04_10-41-45_Video.mp4,0,0,367,0,366
Videos/82676/Visite_1/82676_Question_2_2024-11-13_22-02-51_Video.mp4,0,0,431,0,430
Videos/82676/Visite_1/82676_Question_2_2024-11-13_22-02-51_Video.mp4,1,1,229,431,659
Videos/82676/Visite_1/82676_Question_2_2024-11-13_22-02-51_Video.mp4,2,0,16,660,675
Videos/82676/Visite_1/82676_Question_2_2024-11-13_22-02-51_Video.mp4,3,1,99,676,774
Videos/82676/Visite_1/82676_Question_2_2024-11-13_22-02-51_Video.mp4,4,0,87,775,861
Videos/82676/Visite_1/82676_Question_2_2024-11-13_22-02-51_Video.mp4,5,1,35,862,896
Videos/82676/Visite_1/82676_Question_2_2024-11-13_22-02-51_Video.mp4,6,0,188,897,1084
Videos/82676/Visite_1/82676_Question_2_2024-11-13_22-02-51_Video.mp4,7,1,132,1085,1216
Videos/82676/Visite_1/82676_Question_2_2024-11-13_22-02-51_Video.mp4,8,0,26,1217,1242
Videos/82856/Visite_1/82856_Question_1_2025-02-18_21-59-17_Video.mp4,0,0,708,0,707
Videos/82641/Visite_1/82641_Question_3_2024-11-11_11-35-52_Video.mp4,0,0,312,0,311
Videos/82575/Visite_1/82575_Question_5_2024-10-02_16-06-29_Video.mp4,0,0,167,0,166
Videos/82575/Visite_1/82575_Question_5_2024-10-02_16-06-29_Video.mp4,1,1,73,167,239
Videos/82575/Visite_1/82575_Question_5_2024-10-02_16-06-29_Video.mp4,2,0,668,240,907
Videos/82799/Visite_1/82799_Question_5_2025-01-30_13-11-53_Video.mp4,0,0,376,0,375
Videos/82799/Visite_1/82799_Question_5_2025-01-30_13-11-53_Video.mp4,1,1,104,376,479
Videos/82638/Visite_1/82638_Question_1_2024-11-08_19-35-04_Video.mp4,0,0,572,0,571
Videos/82575/Visite_1/82575_Question_4_2024-10-02_16-01-26_Video.mp4,0,0,156,0,155
Videos/82575/Visite_1/82575_Question_4_2024-10-02_16-01-26_Video.mp4,1,1,36,156,191
Videos/82575/Visite_1/82575_Question_4_2024-10-02_16-01-26_Video.mp4,2,0,162,192,353
Videos/82575/Visite_1/82575_Question_4_2024-10-02_16-01-26_Video.mp4,3,1,59,354,412
Videos/82575/Visite_1/82575_Question_4_2024-10-02_16-01-26_Video.mp4,4,0,274,413,686
Videos/82575/Visite_1/82575_Question_4_2024-10-02_16-01-26_Video.mp4,5,1,35,687,721
Videos/82575/Visite_1/82575_Question_4_2024-10-02_16-01-26_Video.mp4,6,0,208,722,929
Videos/82572/Visite_1/82572_Question_3_2024-10-02_16-06-38_Video.mp4,0,0,761,0,760
Videos/82765/Visite_1/82765_Question_5_2024-12-04_10-39-56_Video.mp4,0,0,173,0,172
Videos/82765/Visite_1/82765_Question_5_2024-12-04_10-39-56_Video.mp4,1,1,86,173,258
Videos/82765/Visite_1/82765_Question_5_2024-12-04_10-39-56_Video.mp4,2,0,17,259,275
Videos/82691/Visite_1/82691_Question_6_2024-11-14_17-32-17_Video.mp4,0,0,1037,0,1036
Videos/82691/Visite_1/82691_Question_6_2024-11-14_17-32-17_Video.mp4,1,1,132,1037,1168
Videos/82691/Visite_1/82691_Question_6_2024-11-14_17-32-17_Video.mp4,2,0,197,1169,1365
Videos/82691/Visite_1/82691_Question_6_2024-11-14_17-32-17_Video.mp4,3,1,227,1366,1592
Videos/82691/Visite_1/82691_Question_6_2024-11-14_17-32-17_Video.mp4,4,0,54,1593,1646
Videos/82691/Visite_1/82691_Question_6_2024-11-14_17-32-17_Video.mp4,5,1,201,1647,1847
Videos/82691/Visite_1/82691_Question_6_2024-11-14_17-32-17_Video.mp4,6,0,85,1848,1932
Videos/82691/Visite_1/82691_Question_6_2024-11-14_17-32-17_Video.mp4,7,1,75,1933,2007
Videos/82577/Visite_1/82577_Question_5_2024-10-02_16-07-49_Video.mp4,0,0,16,0,15
Videos/82577/Visite_1/82577_Question_5_2024-10-02_16-07-49_Video.mp4,1,1,50,16,65
Videos/82577/Visite_1/82577_Question_5_2024-10-02_16-07-49_Video.mp4,2,0,328,66,393
Videos/82695/Visite_1/82695_Question_7_2024-11-16_08-51-38_Video.mp4,0,0,22,0,21
Videos/82695/Visite_1/82695_Question_7_2024-11-16_08-51-38_Video.mp4,1,1,145,22,166
Videos/82695/Visite_1/82695_Question_7_2024-11-16_08-51-38_Video.mp4,3,1,87,173,259
Videos/82695/Visite_1/82695_Question_7_2024-11-16_08-51-38_Video.mp4,4,0,64,260,323
Videos/82638/Visite_1/82638_Question_4_2024-11-08_19-38-18_Video.mp4,0,0,143,0,142
Videos/82638/Visite_1/82638_Question_4_2024-11-08_19-38-18_Video.mp4,1,1,91,143,233
Videos/82638/Visite_1/82638_Question_4_2024-11-08_19-38-18_Video.mp4,2,0,81,234,314
Videos/82638/Visite_1/82638_Question_4_2024-11-08_19-38-18_Video.mp4,3,1,76,315,390
Videos/82701/Visite_1/82701_Question_7_2024-11-18_12-16-26_Video.mp4,0,0,272,0,271
Videos/82701/Visite_1/82701_Question_7_2024-11-18_12-16-26_Video.mp4,1,1,88,272,359
Videos/82701/Visite_1/82701_Question_7_2024-11-18_12-16-26_Video.mp4,2,0,70,360,429
Videos/82701/Visite_1/82701_Question_7_2024-11-18_12-16-26_Video.mp4,3,1,176,430,605
Videos/82701/Visite_1/82701_Question_7_2024-11-18_12-16-26_Video.mp4,4,0,70,606,675
Videos/82603/Visite_1/82603_Question_6_2024-11-01_23-53-02_Video.mp4,0,0,981,0,980
Videos/82846/Visite_1/82846_Question_3_2025-02-12_15-48-19_Video.mp4,0,0,159,0,158
Videos/82846/Visite_1/82846_Question_3_2025-02-12_15-48-19_Video.mp4,1,1,55,159,213
Videos/82575/Visite_1/82575_Question_6_2024-10-02_16-07-40_Video.mp4,0,0,801,0,800
Videos/82846/Visite_1/82846_Question_6_2025-02-12_15-49-10_Video.mp4,0,0,199,0,198
Videos/82588/Visite_1/82588_Question_7_2024-10-02_16-13-31_Video-DESKTOP-NQ55E0P.mp4,0,0,114,0,113
Videos/82588/Visite_1/82588_Question_7_2024-10-02_16-13-31_Video-DESKTOP-NQ55E0P.mp4,1,1,60,114,173
Videos/82588/Visite_1/82588_Question_7_2024-10-02_16-13-31_Video-DESKTOP-NQ55E0P.mp4,2,0,62,174,235
Videos/82588/Visite_1/82588_Question_7_2024-10-02_16-13-31_Video-DESKTOP-NQ55E0P.mp4,3,1,47,236,282
Videos/82588/Visite_1/82588_Question_7_2024-10-02_16-13-31_Video-DESKTOP-NQ55E0P.mp4,4,0,24,283,306
Videos/82912/Visite_1/82912_Question_7_2025-03-01_11-54-51_Video.mp4,0,0,42,0,41
Videos/82912/Visite_1/82912_Question_7_2025-03-01_11-54-51_Video.mp4,1,1,52,42,93
Videos/82912/Visite_1/82912_Question_7_2025-03-01_11-54-51_Video.mp4,2,0,96,94,189
Videos/82912/Visite_1/82912_Question_7_2025-03-01_11-54-51_Video.mp4,3,1,54,190,243
Videos/82912/Visite_1/82912_Question_7_2025-03-01_11-54-51_Video.mp4,4,0,275,244,518
Videos/82599/Visite_1/82599_Question_2_2024-11-01_18-44-13_Video-DESKTOP-NQ55E0P.mp4,0,0,311,0,310
Videos/82599/Visite_1/82599_Question_2_2024-11-01_18-44-13_Video-DESKTOP-NQ55E0P.mp4,1,1,66,311,376
Videos/82599/Visite_1/82599_Question_2_2024-11-01_18-44-13_Video-DESKTOP-NQ55E0P.mp4,2,0,638,377,1014
Videos/82908/Visite_1/82908_Question_4_2025-02-28_12-23-04_Video.mp4,0,0,191,0,190
Videos/82908/Visite_1/82908_Question_4_2025-02-28_12-23-04_Video.mp4,1,1,186,191,376
Videos/82908/Visite_1/82908_Question_4_2025-02-28_12-23-04_Video.mp4,2,0,373,377,749
Videos/82812/Visite_1/82812_Question_5_2025-01-31_19-10-34_Video.mp4,0,0,930,0,929
Videos/82805/Visite_1/82805_Question_1_2025-01-30_17-27-53_Video.mp4,0,0,124,0,123
Videos/82805/Visite_1/82805_Question_1_2025-01-30_17-27-53_Video.mp4,1,1,76,124,199
Videos/82805/Visite_1/82805_Question_1_2025-01-30_17-27-53_Video.mp4,2,0,59,200,258
Videos/82805/Visite_1/82805_Question_1_2025-01-30_17-27-53_Video.mp4,3,1,41,259,299
Videos/82805/Visite_1/82805_Question_1_2025-01-30_17-27-53_Video.mp4,4,0,492,300,791
Videos/82819/Visite_1/82819_Question_4_2025-02-01_11-47-31_Video.mp4,0,0,51,0,50
Videos/82819/Visite_1/82819_Question_4_2025-02-01_11-47-31_Video.mp4,1,1,33,51,83
Videos/82819/Visite_1/82819_Question_4_2025-02-01_11-47-31_Video.mp4,2,0,124,84,207
Videos/82728/Visite_1/82728_Question_3_2024-11-19_18-42-18_Video.mp4,0,0,214,0,213
Videos/82728/Visite_1/82728_Question_3_2024-11-19_18-42-18_Video.mp4,1,1,234,214,447
Videos/82728/Visite_1/82728_Question_3_2024-11-19_18-42-18_Video.mp4,2,0,95,448,542
Videos/82728/Visite_1/82728_Question_3_2024-11-19_18-42-18_Video.mp4,3,1,144,543,686
Videos/82728/Visite_1/82728_Question_3_2024-11-19_18-42-18_Video.mp4,4,0,127,687,813
Videos/82728/Visite_1/82728_Question_3_2024-11-19_18-42-18_Video.mp4,5,1,217,814,1030
Videos/82728/Visite_1/82728_Question_3_2024-11-19_18-42-18_Video.mp4,6,0,48,1031,1078
Videos/82728/Visite_1/82728_Question_3_2024-11-19_18-42-18_Video.mp4,7,1,156,1079,1234
Videos/82718/Visite_1/82718_Question_6_2024-11-18_22-26-27_Video.mp4,0,0,167,0,166
Videos/82718/Visite_1/82718_Question_6_2024-11-18_22-26-27_Video.mp4,1,1,143,167,309
Videos/82718/Visite_1/82718_Question_6_2024-11-18_22-26-27_Video.mp4,2,0,62,310,371
Videos/82763/Visite_1/82763_Question_1_2024-12-04_01-44-06_Video.mp4,0,0,194,0,193
Videos/82836/Visite_1/82836_Question_1_2025-02-08_09-28-10_Video.mp4,0,0,612,0,611
Videos/82899/Visite_1/82899_Question_1_2025-02-26_18-45-09_Video.mp4,0,0,141,0,140
Videos/82899/Visite_1/82899_Question_1_2025-02-26_18-45-09_Video.mp4,1,1,59,141,199
Videos/82899/Visite_1/82899_Question_1_2025-02-26_18-45-09_Video.mp4,2,0,68,200,267
Videos/82783/Visite_1/82783_Question_5_2024-12-09_22-59-23_Video.mp4,0,0,104,0,103
Videos/82783/Visite_1/82783_Question_5_2024-12-09_22-59-23_Video.mp4,1,1,82,104,185
Videos/82783/Visite_1/82783_Question_5_2024-12-09_22-59-23_Video.mp4,2,0,139,186,324
Videos/82783/Visite_1/82783_Question_5_2024-12-09_22-59-23_Video.mp4,3,1,28,325,352
Videos/82783/Visite_1/82783_Question_5_2024-12-09_22-59-23_Video.mp4,4,0,229,353,581
Videos/82783/Visite_1/82783_Question_5_2024-12-09_22-59-23_Video.mp4,5,1,77,582,658
Videos/82783/Visite_1/82783_Question_5_2024-12-09_22-59-23_Video.mp4,6,0,40,659,698
Videos/82577/Visite_1/82577_Question_4_2024-10-02_16-05-01_Video.mp4,0,0,70,0,69
Videos/82577/Visite_1/82577_Question_4_2024-10-02_16-05-01_Video.mp4,1,1,50,70,119
Videos/82577/Visite_1/82577_Question_4_2024-10-02_16-05-01_Video.mp4,2,0,18,120,137
Videos/82577/Visite_1/82577_Question_4_2024-10-02_16-05-01_Video.mp4,3,1,85,138,222
Videos/82577/Visite_1/82577_Question_4_2024-10-02_16-05-01_Video.mp4,4,0,54,223,276
Videos/82577/Visite_1/82577_Question_4_2024-10-02_16-05-01_Video.mp4,5,1,65,277,341
Videos/82577/Visite_1/82577_Question_4_2024-10-02_16-05-01_Video.mp4,6,0,38,342,379
Videos/82577/Visite_1/82577_Question_4_2024-10-02_16-05-01_Video.mp4,7,1,34,380,413
Videos/82577/Visite_1/82577_Question_4_2024-10-02_16-05-01_Video.mp4,8,0,26,414,439
Videos/82635/Visite_1/82635_Question_6_2024-11-06_17-06-47_Video.mp4,0,0,1276,0,1275
Videos/82772/Visite_1/82772_Question_1_2024-12-05_16-31-55_Video.mp4,0,0,637,0,636
Videos/82553/Visite_1/82553_Question_4_2024-08-22_12-18-20_Video.mp4,0,0,34,0,33
Videos/82553/Visite_1/82553_Question_4_2024-08-22_12-18-20_Video.mp4,1,1,109,34,142
Videos/82553/Visite_1/82553_Question_4_2024-08-22_12-18-20_Video.mp4,2,0,225,143,367
Videos/82658/Visite_1/82658_Question_5_2024-11-13_11-53-44_Video.mp4,0,0,104,0,103
Videos/82658/Visite_1/82658_Question_5_2024-11-13_11-53-44_Video.mp4,1,1,40,104,143
Videos/82658/Visite_1/82658_Question_5_2024-11-13_11-53-44_Video.mp4,2,0,348,144,491
Videos/82756/Visite_1/82756_Question_6_2024-11-28_12-20-04_Video.mp4,0,0,535,0,534
Videos/82815/Visite_1/82815_Question_1_2025-01-31_22-21-33_Video.mp4,0,0,379,0,378
Videos/82575/Visite_1/82575_Question_1_2024-10-02_16-00-22_Video.mp4,0,0,806,0,805
Videos/82665/Visite_1/82665_Question_1_2024-11-13_17-23-28_Video.mp4,0,0,111,0,110
Videos/82582/Visite_1/82582_Question_4_2024-10-02_16-11-24_Video.mp4,0,0,47,0,46
Videos/82582/Visite_1/82582_Question_4_2024-10-02_16-11-24_Video.mp4,1,1,48,47,94
Videos/82582/Visite_1/82582_Question_4_2024-10-02_16-11-24_Video.mp4,3,1,55,103,157
Videos/82582/Visite_1/82582_Question_4_2024-10-02_16-11-24_Video.mp4,4,0,101,158,258
Videos/82582/Visite_1/82582_Question_4_2024-10-02_16-11-24_Video.mp4,5,1,33,259,291
Videos/82783/Visite_1/82783_Question_6_2024-12-09_22-57-33_Video.mp4,0,0,641,0,640
Videos/82821/Visite_1/82821_Question_1_2025-02-02_19-23-17_Video.mp4,0,0,606,0,605
Videos/82584/Visite_1/82584_Question_4_2024-10-02_16-14-00_Video.mp4,0,0,89,0,88
Videos/82584/Visite_1/82584_Question_4_2024-10-02_16-14-00_Video.mp4,1,1,109,89,197
Videos/82584/Visite_1/82584_Question_4_2024-10-02_16-14-00_Video.mp4,2,0,220,198,417
Videos/82766/Visite_1/82766_Question_1_2024-12-04_14-35-10_Video.mp4,0,0,805,0,804
Videos/82815/Visite_1/82815_Question_6_2025-01-31_22-23-00_Video.mp4,0,0,241,0,240
Videos/82820/Visite_1/82820_Question_1_2025-02-02_04-58-42_Video.mp4,0,0,407,0,406
Videos/82572/Visite_1/82572_Question_5_2024-10-02_16-10-39_Video.mp4,0,0,1236,0,1235
Videos/82699/Visite_1/82699_Question_6_2024-11-17_13-10-51_Video.mp4,0,0,181,0,180
Videos/82699/Visite_1/82699_Question_6_2024-11-17_13-10-51_Video.mp4,1,1,141,181,321
Videos/82699/Visite_1/82699_Question_6_2024-11-17_13-10-51_Video.mp4,2,0,88,322,409
Videos/82730/Visite_1/82730_Question_6_2024-11-19_20-53-40_Video.mp4,0,0,612,0,611
Videos/82873/Visite_1/82873_Question_3_2025-02-20_16-24-55_Video.mp4,0,0,400,0,399
Videos/82589/Visite_1/82589_Question_4_2024-10-02_16-15-12_Video.mp4,0,0,43,0,42
Videos/82589/Visite_1/82589_Question_4_2024-10-02_16-15-12_Video.mp4,1,1,46,43,88
Videos/82589/Visite_1/82589_Question_4_2024-10-02_16-15-12_Video.mp4,2,0,120,89,208
Videos/82589/Visite_1/82589_Question_4_2024-10-02_16-15-12_Video.mp4,3,1,66,209,274
Videos/82589/Visite_1/82589_Question_4_2024-10-02_16-15-12_Video.mp4,4,0,170,275,444
Videos/82575/Visite_1/82575_Question_3_2024-10-02_16-02-30_Video.mp4,0,0,260,0,259
Videos/82575/Visite_1/82575_Question_3_2024-10-02_16-02-30_Video.mp4,1,1,32,260,291
Videos/82575/Visite_1/82575_Question_3_2024-10-02_16-02-30_Video.mp4,2,0,110,292,401
Videos/82575/Visite_1/82575_Question_3_2024-10-02_16-02-30_Video.mp4,3,1,38,402,439
Videos/82575/Visite_1/82575_Question_3_2024-10-02_16-02-30_Video.mp4,4,0,513,440,952
Videos/82743/Visite_1/82743_Question_4_2024-11-27_18-07-33_Video.mp4,0,0,157,0,156
Videos/82743/Visite_1/82743_Question_4_2024-11-27_18-07-33_Video.mp4,1,1,65,157,221
Videos/82743/Visite_1/82743_Question_4_2024-11-27_18-07-33_Video.mp4,2,0,83,222,304
Videos/82743/Visite_1/82743_Question_4_2024-11-27_18-07-33_Video.mp4,3,1,107,305,411
Videos/82581/Visite_1/82581_Question_5_2024-10-02_16-09-42_Video.mp4,0,0,136,0,135
Videos/82581/Visite_1/82581_Question_5_2024-10-02_16-09-42_Video.mp4,1,1,89,136,224
Videos/82581/Visite_1/82581_Question_5_2024-10-02_16-09-42_Video.mp4,2,0,159,225,383
Videos/82599/Visite_1/82599_Question_4_2024-11-01_18-45-07_Video.mp4,0,0,331,0,330
Videos/82599/Visite_1/82599_Question_4_2024-11-01_18-45-07_Video.mp4,1,1,59,331,389
Videos/82599/Visite_1/82599_Question_4_2024-11-01_18-45-07_Video.mp4,2,0,96,390,485
Videos/82599/Visite_1/82599_Question_4_2024-11-01_18-45-07_Video.mp4,3,1,41,486,526
Videos/82599/Visite_1/82599_Question_4_2024-11-01_18-45-07_Video.mp4,4,0,58,527,584
Videos/82804/Visite_1/82804_Question_1_2025-01-30_14-27-22_Video.mp4,0,0,542,0,541
Videos/82705/Visite_1/82705_Question_5_2024-11-18_13-43-59_Video.mp4,1,1,83,7,89
Videos/82705/Visite_1/82705_Question_5_2024-11-18_13-43-59_Video.mp4,2,0,56,90,145
Videos/82695/Visite_1/82695_Question_1_2024-11-16_08-50-24_Video.mp4,0,0,464,0,463
Videos/82691/Visite_1/82691_Question_1_2024-11-14_17-21-28_Video.mp4,0,0,294,0,293
Videos/82691/Visite_1/82691_Question_1_2024-11-14_17-21-28_Video.mp4,1,1,92,294,385
Videos/82691/Visite_1/82691_Question_1_2024-11-14_17-21-28_Video.mp4,2,0,308,386,693
Videos/82652/Visite_1/82652_Question_4_2024-11-13_07-46-39_Video.mp4,0,0,510,0,509
Videos/82652/Visite_1/82652_Question_4_2024-11-13_07-46-39_Video.mp4,1,1,55,510,564
Videos/82652/Visite_1/82652_Question_4_2024-11-13_07-46-39_Video.mp4,2,0,362,565,926
Videos/82652/Visite_1/82652_Question_4_2024-11-13_07-46-39_Video.mp4,3,1,49,927,975
Videos/82652/Visite_1/82652_Question_4_2024-11-13_07-46-39_Video.mp4,4,0,182,976,1157
Videos/82652/Visite_1/82652_Question_4_2024-11-13_07-46-39_Video.mp4,5,1,106,1158,1263
Videos/82652/Visite_1/82652_Question_4_2024-11-13_07-46-39_Video.mp4,7,1,194,1272,1465
Videos/82652/Visite_1/82652_Question_4_2024-11-13_07-46-39_Video.mp4,8,0,41,1466,1506
Videos/82652/Visite_1/82652_Question_4_2024-11-13_07-46-39_Video.mp4,9,1,51,1507,1557
Videos/82913/Visite_1/82913_Question_1_2025-03-01_19-06-06_Video.mp4,0,0,167,0,166
Videos/82638/Visite_1/82638_Question_3_2024-11-08_19-39-20_Video.mp4,0,0,175,0,174
Videos/82612/Visite_1/82612_Question_2_2024-11-04_12-30-54_Video.mp4,0,0,536,0,535
Videos/82662/Visite_1/82662_Question_1_2024-11-13_12-46-49_Video.mp4,0,0,663,0,662
Videos/82884/Visite_1/82884_Question_1_2025-02-23_10-56-23_Video.mp4,0,0,81,0,80
Videos/82884/Visite_1/82884_Question_1_2025-02-23_10-56-23_Video.mp4,1,1,46,81,126
Videos/82884/Visite_1/82884_Question_1_2025-02-23_10-56-23_Video.mp4,2,0,59,127,185
Videos/82817/Visite_1/82817_Question_1_2025-02-01_02-02-26_Video.mp4,0,0,555,0,554
Videos/82785/Visite_1/82785_Question_1_2024-12-12_11-24-51_Video.mp4,0,0,226,0,225
Videos/82785/Visite_1/82785_Question_1_2024-12-12_11-24-51_Video.mp4,1,1,119,226,344
Videos/82785/Visite_1/82785_Question_1_2024-12-12_11-24-51_Video.mp4,3,1,111,350,460
Videos/82785/Visite_1/82785_Question_1_2024-12-12_11-24-51_Video.mp4,4,0,233,461,693
Videos/82812/Visite_1/82812_Question_1_2025-01-31_19-04-44_Video.mp4,0,0,516,0,515
Videos/82812/Visite_1/82812_Question_1_2025-01-31_19-04-44_Video.mp4,1,1,70,516,585
Videos/82812/Visite_1/82812_Question_1_2025-01-31_19-04-44_Video.mp4,2,0,273,586,858
Videos/82846/Visite_1/82846_Question_4_2025-02-12_15-47-34_Video.mp4,1,1,61,15,75
Videos/82846/Visite_1/82846_Question_4_2025-02-12_15-47-34_Video.mp4,2,0,61,76,136
Videos/82656/Visite_1/82656_Question_4_2024-11-13_11-24-37_Video.mp4,0,0,129,0,128
Videos/82656/Visite_1/82656_Question_4_2024-11-13_11-24-37_Video.mp4,1,1,99,129,227
Videos/82656/Visite_1/82656_Question_4_2024-11-13_11-24-37_Video.mp4,2,0,225,228,452
Videos/82656/Visite_1/82656_Question_4_2024-11-13_11-24-37_Video.mp4,3,1,108,453,560
Videos/82656/Visite_1/82656_Question_4_2024-11-13_11-24-37_Video.mp4,4,0,145,561,705
Videos/82832/Visite_1/82832_Question_1_2025-02-06_21-22-39_Video.mp4,0,0,698,0,697
Videos/82554/Visite_1/82554_Question_2_2024-08-22_12-23-38_Video.mp4,0,0,114,0,113
Videos/82554/Visite_1/82554_Question_2_2024-08-22_12-23-38_Video.mp4,1,1,55,114,168
Videos/82554/Visite_1/82554_Question_2_2024-08-22_12-23-38_Video.mp4,2,0,619,169,787
Videos/82554/Visite_1/82554_Question_2_2024-08-22_12-23-38_Video.mp4,3,1,165,788,952
Videos/82554/Visite_1/82554_Question_2_2024-08-22_12-23-38_Video.mp4,4,0,267,953,1219
Videos/82756/Visite_1/82756_Question_2_2024-11-28_12-22-59_Video.mp4,0,0,747,0,746
Videos/82662/Visite_1/82662_Question_3_2024-11-13_12-49-17_Video.mp4,0,0,1306,0,1305
Videos/82904/Visite_1/82904_Question_2_2025-02-27_09-26-21_Video.mp4,0,0,577,0,576
Videos/82650/Visite_1/82650_Question_3_2024-11-13_00-40-11_Video.mp4,0,0,1078,0,1077
Videos/82627/Visite_1/82627_Question_3_2024-11-06_11-45-57_Video-DESKTOP-NQ55E0P.mp4,0,0,291,0,290
Videos/82650/Visite_1/82650_Question_5_2024-11-13_00-34-50_Video.mp4,0,0,455,0,454
Videos/82756/Visite_1/82756_Question_1_2024-11-28_12-18-24_Video.mp4,0,0,588,0,587
Videos/82779/Visite_1/82779_Question_4_2024-12-08_19-20-22_Video.mp4,0,0,68,0,67
Videos/82779/Visite_1/82779_Question_4_2024-12-08_19-20-22_Video.mp4,1,1,81,68,148
Videos/82779/Visite_1/82779_Question_4_2024-12-08_19-20-22_Video.mp4,2,0,42,149,190
Videos/82779/Visite_1/82779_Question_4_2024-12-08_19-20-22_Video.mp4,3,1,74,191,264
Videos/82779/Visite_1/82779_Question_4_2024-12-08_19-20-22_Video.mp4,4,0,406,265,670
Videos/82779/Visite_1/82779_Question_4_2024-12-08_19-20-22_Video.mp4,5,1,153,671,823
Videos/82684/Visite_1/82684_Question_2_2024-11-14_10-51-40_Video.mp4,0,0,263,0,262
Videos/82684/Visite_1/82684_Question_2_2024-11-14_10-51-40_Video.mp4,1,1,186,263,448
Videos/82684/Visite_1/82684_Question_2_2024-11-14_10-51-40_Video.mp4,2,0,30,449,478
Videos/82684/Visite_1/82684_Question_2_2024-11-14_10-51-40_Video.mp4,3,1,87,479,565
Videos/82684/Visite_1/82684_Question_2_2024-11-14_10-51-40_Video.mp4,5,1,82,568,649
Videos/82684/Visite_1/82684_Question_2_2024-11-14_10-51-40_Video.mp4,6,0,154,650,803
Videos/82658/Visite_1/82658_Question_1_2024-11-13_11-52-05_Video.mp4,0,0,402,0,401
Videos/82797/Visite_1/82797_Question_2_2025-01-30_12-58-06_Video.mp4,0,0,382,0,381
Videos/82797/Visite_1/82797_Question_2_2025-01-30_12-58-06_Video.mp4,1,1,95,382,476
Videos/82797/Visite_1/82797_Question_2_2025-01-30_12-58-06_Video.mp4,2,0,118,477,594
Videos/82787/Visite_1/82787_Question_2_2024-12-12_21-48-50_Video.mp4,0,0,86,0,85
Videos/82787/Visite_1/82787_Question_2_2024-12-12_21-48-50_Video.mp4,1,1,85,86,170
Videos/82787/Visite_1/82787_Question_2_2024-12-12_21-48-50_Video.mp4,2,0,51,171,221
Videos/82787/Visite_1/82787_Question_2_2024-12-12_21-48-50_Video.mp4,3,1,31,222,252
Videos/82787/Visite_1/82787_Question_2_2024-12-12_21-48-50_Video.mp4,4,0,55,253,307
Videos/82787/Visite_1/82787_Question_2_2024-12-12_21-48-50_Video.mp4,5,1,45,308,352
Videos/82787/Visite_1/82787_Question_2_2024-12-12_21-48-50_Video.mp4,6,0,36,353,388
Videos/82621/Visite_1/82621_Question_5_2024-11-05_14-59-15_Video.mp4,0,0,311,0,310
Videos/82603/Visite_1/82603_Question_3_2024-11-01_23-48-00_Video.mp4,0,0,663,0,662
Videos/82603/Visite_1/82603_Question_3_2024-11-01_23-48-00_Video.mp4,1,1,63,663,725
Videos/82603/Visite_1/82603_Question_3_2024-11-01_23-48-00_Video.mp4,2,0,254,726,979
Videos/82919/Visite_1/82919_Question_1_2025-03-03_09-43-10_Video.mp4,0,0,435,0,434
Videos/82751/Visite_1/82751_Question_4_2024-11-28_01-47-23_Video.mp4,0,0,195,0,194
Videos/82751/Visite_1/82751_Question_4_2024-11-28_01-47-23_Video.mp4,1,1,273,195,467
Videos/82751/Visite_1/82751_Question_4_2024-11-28_01-47-23_Video.mp4,2,0,121,468,588
Videos/82751/Visite_1/82751_Question_4_2024-11-28_01-47-23_Video.mp4,3,1,289,589,877
Videos/82587/Visite_1/82587_Question_2_2024-10-02_16-13-33_Video.mp4,0,0,125,0,124
Videos/82587/Visite_1/82587_Question_2_2024-10-02_16-13-33_Video.mp4,1,1,91,125,215
Videos/82587/Visite_1/82587_Question_2_2024-10-02_16-13-33_Video.mp4,2,0,370,216,585
Videos/82799/Visite_1/82799_Question_1_2025-01-30_13-09-44_Video.mp4,0,0,695,0,694
Videos/82654/Visite_1/82654_Question_2_2024-11-13_08-17-53_Video.mp4,0,0,467,0,466
Videos/82654/Visite_1/82654_Question_2_2024-11-13_08-17-53_Video.mp4,1,1,103,467,569
Videos/82654/Visite_1/82654_Question_2_2024-11-13_08-17-53_Video.mp4,2,0,52,570,621
Videos/82704/Visite_1/82704_Question_1_2024-11-18_13-34-43_Video.mp4,0,0,239,0,238
Videos/82704/Visite_1/82704_Question_1_2024-11-18_13-34-43_Video.mp4,1,1,121,239,359
Videos/82704/Visite_1/82704_Question_1_2024-11-18_13-34-43_Video.mp4,2,0,205,360,564
Videos/82570/Visite_1/82570_Question_4_2024-10-02_16-00-00_Video.mp4,1,1,72,14,85
Videos/82570/Visite_1/82570_Question_4_2024-10-02_16-00-00_Video.mp4,2,0,27,86,112
Videos/82570/Visite_1/82570_Question_4_2024-10-02_16-00-00_Video.mp4,3,1,60,113,172
Videos/82570/Visite_1/82570_Question_4_2024-10-02_16-00-00_Video.mp4,4,0,223,173,395
Videos/82554/Visite_1/82554_Question_7_2024-08-22_12-20-53_Video.mp4,0,0,231,0,230
Videos/82554/Visite_1/82554_Question_7_2024-08-22_12-20-53_Video.mp4,1,1,93,231,323
Videos/82554/Visite_1/82554_Question_7_2024-08-22_12-20-53_Video.mp4,2,0,233,324,556
Videos/82554/Visite_1/82554_Question_7_2024-08-22_12-20-53_Video.mp4,3,1,125,557,681
Videos/82554/Visite_1/82554_Question_7_2024-08-22_12-20-53_Video.mp4,4,0,246,682,927
Videos/82554/Visite_1/82554_Question_7_2024-08-22_12-20-53_Video.mp4,5,1,58,928,985
Videos/82554/Visite_1/82554_Question_7_2024-08-22_12-20-53_Video.mp4,6,0,78,986,1063
Videos/82619/Visite_1/82619_Question_1_2024-11-05_14-50-37_Video.mp4,0,0,1433,0,1432
Videos/82908/Visite_1/82908_Question_7_2025-02-28_12-25-39_Video.mp4,0,0,33,0,32
Videos/82908/Visite_1/82908_Question_7_2025-02-28_12-25-39_Video.mp4,1,1,207,33,239
Videos/82908/Visite_1/82908_Question_7_2025-02-28_12-25-39_Video.mp4,2,0,184,240,423
Videos/82908/Visite_1/82908_Question_7_2025-02-28_12-25-39_Video.mp4,3,1,105,424,528
Videos/82908/Visite_1/82908_Question_7_2025-02-28_12-25-39_Video.mp4,4,0,108,529,636
Videos/82750/Visite_1/82750_Question_6_2024-11-28_01-12-41_Video.mp4,0,0,411,0,410
Videos/82603/Visite_1/82603_Question_2_2024-11-01_23-48-59_Video.mp4,0,1,62,0,61
Videos/82603/Visite_1/82603_Question_2_2024-11-01_23-48-59_Video.mp4,1,0,283,62,344
Videos/82603/Visite_1/82603_Question_2_2024-11-01_23-48-59_Video.mp4,2,1,42,345,386
Videos/82603/Visite_1/82603_Question_2_2024-11-01_23-48-59_Video.mp4,3,0,339,387,725
Videos/82603/Visite_1/82603_Question_2_2024-11-01_23-48-59_Video.mp4,4,1,111,726,836
Videos/82603/Visite_1/82603_Question_2_2024-11-01_23-48-59_Video.mp4,5,0,83,837,919
Videos/82820/Visite_1/82820_Question_7_2025-02-02_05-03-25_Video.mp4,0,0,189,0,188
Videos/82820/Visite_1/82820_Question_7_2025-02-02_05-03-25_Video.mp4,1,1,121,189,309
Videos/82820/Visite_1/82820_Question_7_2025-02-02_05-03-25_Video.mp4,2,0,88,310,397
Videos/82820/Visite_1/82820_Question_7_2025-02-02_05-03-25_Video.mp4,3,1,145,398,542
Videos/82627/Visite_1/82627_Question_7_2024-11-06_11-45-11_Video.mp4,0,0,123,0,122
Videos/82627/Visite_1/82627_Question_7_2024-11-06_11-45-11_Video.mp4,1,1,122,123,244
Videos/82627/Visite_1/82627_Question_7_2024-11-06_11-45-11_Video.mp4,2,0,37,245,281
Videos/82627/Visite_1/82627_Question_7_2024-11-06_11-45-11_Video.mp4,3,1,58,282,339
Videos/82627/Visite_1/82627_Question_7_2024-11-06_11-45-11_Video.mp4,4,0,22,340,361
Videos/82620/Visite_1/82620_Question_5_2024-11-05_14-57-17_Video.mp4,0,0,1055,0,1054
Videos/82654/Visite_1/82654_Question_6_2024-11-13_08-19-48_Video.mp4,0,0,436,0,435
Videos/82584/Visite_1/82584_Question_5_2024-10-02_16-18-00_Video.mp4,0,0,234,0,233
Videos/82799/Visite_1/82799_Question_2_2025-01-30_13-12-32_Video.mp4,0,0,545,0,544
Videos/82732/Visite_1/82732_Question_2_2024-11-20_01-42-05_Video.mp4,0,0,456,0,455
Videos/82645/Visite_1/82645_Question_2_2024-11-11_15-17-41_Video.mp4,0,0,2143,0,2142
Videos/82652/Visite_1/82652_Question_1_2024-11-13_07-40-12_Video.mp4,0,0,764,0,763
Videos/82790/Visite_1/82790_Question_1_2024-12-13_21-00-12_Video.mp4,0,0,614,0,613
Videos/82813/Visite_1/82813_Question_6_2025-01-31_19-20-49_Video.mp4,0,0,1098,0,1097
Videos/82588/Visite_1/82588_Question_4_2024-10-02_16-11-23_Video-DESKTOP-NQ55E0P.mp4,0,0,21,0,20
Videos/82588/Visite_1/82588_Question_4_2024-10-02_16-11-23_Video-DESKTOP-NQ55E0P.mp4,1,1,69,21,89
Videos/82588/Visite_1/82588_Question_4_2024-10-02_16-11-23_Video-DESKTOP-NQ55E0P.mp4,2,0,64,90,153
Videos/82588/Visite_1/82588_Question_4_2024-10-02_16-11-23_Video-DESKTOP-NQ55E0P.mp4,3,1,56,154,209
Videos/82588/Visite_1/82588_Question_4_2024-10-02_16-11-23_Video-DESKTOP-NQ55E0P.mp4,4,0,73,210,282
Videos/82792/Visite_1/82792_Question_5_2024-12-14_14-02-14_Video.mp4,0,0,482,0,481
Videos/82647/Visite_1/82647_Question_1_2024-11-12_19-00-19_Video.mp4,0,0,576,0,575
Videos/82783/Visite_1/82783_Question_7_2024-12-09_22-55-56_Video.mp4,0,0,115,0,114
Videos/82783/Visite_1/82783_Question_7_2024-12-09_22-55-56_Video.mp4,1,1,47,115,161
Videos/82783/Visite_1/82783_Question_7_2024-12-09_22-55-56_Video.mp4,2,0,91,162,252
Videos/82783/Visite_1/82783_Question_7_2024-12-09_22-55-56_Video.mp4,3,1,59,253,311
Videos/82783/Visite_1/82783_Question_7_2024-12-09_22-55-56_Video.mp4,4,0,412,312,723
Videos/82783/Visite_1/82783_Question_7_2024-12-09_22-55-56_Video.mp4,5,1,54,724,777
Videos/82783/Visite_1/82783_Question_7_2024-12-09_22-55-56_Video.mp4,6,0,201,778,978
Videos/82680/Visite_1/82680_Question_3_2024-11-14_01-09-36_Video.mp4,0,0,239,0,238
Videos/82680/Visite_1/82680_Question_3_2024-11-14_01-09-36_Video.mp4,1,1,144,239,382
Videos/82680/Visite_1/82680_Question_3_2024-11-14_01-09-36_Video.mp4,2,0,288,383,670
Videos/82680/Visite_1/82680_Question_3_2024-11-14_01-09-36_Video.mp4,3,1,121,671,791
Videos/82680/Visite_1/82680_Question_3_2024-11-14_01-09-36_Video.mp4,4,0,320,792,1111
Videos/82680/Visite_1/82680_Question_3_2024-11-14_01-09-36_Video.mp4,5,1,66,1112,1177
Videos/82680/Visite_1/82680_Question_3_2024-11-14_01-09-36_Video.mp4,6,0,313,1178,1490
Videos/82663/Visite_1/82663_Question_6_2024-11-13_14-55-40_Video.mp4,0,0,903,0,902
Videos/82873/Visite_1/82873_Question_7_2025-02-20_16-21-21_Video.mp4,0,0,37,0,36
Videos/82873/Visite_1/82873_Question_7_2025-02-20_16-21-21_Video.mp4,1,1,107,37,143
Videos/82873/Visite_1/82873_Question_7_2025-02-20_16-21-21_Video.mp4,2,0,110,144,253
Videos/82873/Visite_1/82873_Question_7_2025-02-20_16-21-21_Video.mp4,3,1,72,254,325
Videos/82873/Visite_1/82873_Question_7_2025-02-20_16-21-21_Video.mp4,4,0,87,326,412
Videos/82866/Visite_1/82866_Question_1_2025-02-20_14-54-02_Video.mp4,0,0,321,0,320
Videos/82612/Visite_1/82612_Question_1_2024-11-04_12-28-30_Video-DESKTOP-NQ55E0P.mp4,0,0,245,0,244
Videos/82584/Visite_1/82584_Question_2_2024-10-02_16-11-06_Video.mp4,0,0,118,0,117
Videos/82584/Visite_1/82584_Question_2_2024-10-02_16-11-06_Video.mp4,1,1,50,118,167
Videos/82584/Visite_1/82584_Question_2_2024-10-02_16-11-06_Video.mp4,2,0,95,168,262
Videos/82812/Visite_1/82812_Question_4_2025-01-31_19-08-43_Video.mp4,0,0,137,0,136
Videos/82812/Visite_1/82812_Question_4_2025-01-31_19-08-43_Video.mp4,1,1,53,137,189
Videos/82812/Visite_1/82812_Question_4_2025-01-31_19-08-43_Video.mp4,2,0,962,190,1151
Videos/82799/Visite_1/82799_Question_4_2025-01-30_13-14-14_Video.mp4,0,0,453,0,452
Videos/82799/Visite_1/82799_Question_4_2025-01-30_13-14-14_Video.mp4,1,1,148,453,600
Videos/82570/Visite_1/82570_Question_1_2024-10-02_15-57-29_Video.mp4,0,0,310,0,309
Videos/82567/Visite_1/82567_Question_2_2024-10-02_15-43-22_Video.mp4,0,0,216,0,215
Videos/82567/Visite_1/82567_Question_2_2024-10-02_15-43-22_Video.mp4,1,1,61,216,276
Videos/82567/Visite_1/82567_Question_2_2024-10-02_15-43-22_Video.mp4,2,0,190,277,466
Videos/82567/Visite_1/82567_Question_1_2024-10-02_15-41-39_Video.mp4,0,0,320,0,319
Videos/82587/Visite_1/82587_Question_3_2024-10-02_16-11-11_Video.mp4,0,0,477,0,476
Videos/82587/Visite_1/82587_Question_3_2024-10-02_16-11-11_Video.mp4,1,1,56,477,532
Videos/82587/Visite_1/82587_Question_3_2024-10-02_16-11-11_Video.mp4,2,0,75,533,607
Videos/82759/Visite_1/82759_Question_2_2024-12-03_18-53-52_Video.mp4,0,0,129,0,128
Videos/82759/Visite_1/82759_Question_2_2024-12-03_18-53-52_Video.mp4,1,1,43,129,171
Videos/82759/Visite_1/82759_Question_2_2024-12-03_18-53-52_Video.mp4,2,0,120,172,291
Videos/82759/Visite_1/82759_Question_2_2024-12-03_18-53-52_Video.mp4,3,1,98,292,389
Videos/82759/Visite_1/82759_Question_2_2024-12-03_18-53-52_Video.mp4,4,0,50,390,439
Videos/82804/Visite_1/82804_Question_7_2025-01-30_14-29-21_Video.mp4,0,0,68,0,67
Videos/82804/Visite_1/82804_Question_7_2025-01-30_14-29-21_Video.mp4,1,1,115,68,182
Videos/82804/Visite_1/82804_Question_7_2025-01-30_14-29-21_Video.mp4,2,0,211,183,393
Videos/82804/Visite_1/82804_Question_7_2025-01-30_14-29-21_Video.mp4,3,1,41,394,434
Videos/82804/Visite_1/82804_Question_7_2025-01-30_14-29-21_Video.mp4,4,0,17,435,451
Videos/82663/Visite_1/82663_Question_4_2024-11-13_14-52-24_Video.mp4,0,0,194,0,193
Videos/82663/Visite_1/82663_Question_4_2024-11-13_14-52-24_Video.mp4,1,1,64,194,257
Videos/82663/Visite_1/82663_Question_4_2024-11-13_14-52-24_Video.mp4,2,0,192,258,449
Videos/82663/Visite_1/82663_Question_4_2024-11-13_14-52-24_Video.mp4,3,1,64,450,513
Videos/82663/Visite_1/82663_Question_4_2024-11-13_14-52-24_Video.mp4,4,0,487,514,1000
Videos/82873/Visite_1/82873_Question_1_2025-02-20_16-20-32_Video.mp4,0,0,142,0,141
Videos/82743/Visite_1/82743_Question_5_2024-11-27_18-10-52_Video.mp4,0,0,412,0,411
Videos/82810/Visite_1/82810_Question_1_2025-01-31_17-25-13_Video.mp4,0,0,793,0,792
Videos/82691/Visite_1/82691_Question_4_2024-11-14_17-34-59_Video.mp4,0,0,323,0,322
Videos/82691/Visite_1/82691_Question_4_2024-11-14_17-34-59_Video.mp4,1,1,207,323,529
Videos/82691/Visite_1/82691_Question_4_2024-11-14_17-34-59_Video.mp4,2,0,135,530,664
Videos/82691/Visite_1/82691_Question_4_2024-11-14_17-34-59_Video.mp4,3,1,132,665,796
Videos/82691/Visite_1/82691_Question_4_2024-11-14_17-34-59_Video.mp4,4,0,58,797,854
Videos/82691/Visite_1/82691_Question_4_2024-11-14_17-34-59_Video.mp4,5,1,113,855,967
Videos/82691/Visite_1/82691_Question_4_2024-11-14_17-34-59_Video.mp4,6,0,63,968,1030
Videos/82691/Visite_1/82691_Question_4_2024-11-14_17-34-59_Video.mp4,7,1,96,1031,1126
Videos/82691/Visite_1/82691_Question_4_2024-11-14_17-34-59_Video.mp4,8,0,24,1127,1150
Videos/82691/Visite_1/82691_Question_4_2024-11-14_17-34-59_Video.mp4,9,1,179,1151,1329
Videos/82691/Visite_1/82691_Question_4_2024-11-14_17-34-59_Video.mp4,10,0,138,1330,1467
Videos/82691/Visite_1/82691_Question_4_2024-11-14_17-34-59_Video.mp4,11,1,131,1468,1598
Videos/82589/Visite_1/82589_Question_1_2024-10-02_16-10-52_Video-DESKTOP-NQ55E0P.mp4,0,0,117,0,116
Videos/82589/Visite_1/82589_Question_1_2024-10-02_16-10-52_Video-DESKTOP-NQ55E0P.mp4,1,1,33,117,149
Videos/82589/Visite_1/82589_Question_1_2024-10-02_16-10-52_Video-DESKTOP-NQ55E0P.mp4,2,0,99,150,248
Videos/82589/Visite_1/82589_Question_1_2024-10-02_16-10-52_Video-DESKTOP-NQ55E0P.mp4,3,1,43,249,291
Videos/82589/Visite_1/82589_Question_1_2024-10-02_16-10-52_Video-DESKTOP-NQ55E0P.mp4,4,0,285,292,576
Videos/82577/Visite_1/82577_Question_3_2024-10-02_16-05-59_Video.mp4,0,0,346,0,345
Videos/82577/Visite_1/82577_Question_3_2024-10-02_16-05-59_Video.mp4,1,1,47,346,392
Videos/82577/Visite_1/82577_Question_3_2024-10-02_16-05-59_Video.mp4,2,0,38,393,430
Videos/82577/Visite_1/82577_Question_3_2024-10-02_16-05-59_Video.mp4,3,1,47,431,477
Videos/82577/Visite_1/82577_Question_3_2024-10-02_16-05-59_Video.mp4,4,0,20,478,497
Videos/82819/Visite_1/82819_Question_6_2025-02-01_11-45-08_Video.mp4,0,0,305,0,304
Videos/82596/Visite_1/82596_Question_1_2024-10-30_21-43-58_Video.mp4,0,0,197,0,196
Videos/82704/Visite_1/82704_Question_6_2024-11-18_13-40-04_Video.mp4,0,0,215,0,214
Videos/82704/Visite_1/82704_Question_6_2024-11-18_13-40-04_Video.mp4,1,1,97,215,311
Videos/82704/Visite_1/82704_Question_6_2024-11-18_13-40-04_Video.mp4,2,0,23,312,334
Videos/82704/Visite_1/82704_Question_6_2024-11-18_13-40-04_Video.mp4,3,1,256,335,590
Videos/82704/Visite_1/82704_Question_6_2024-11-18_13-40-04_Video.mp4,4,0,31,591,621
Videos/82704/Visite_1/82704_Question_6_2024-11-18_13-40-04_Video.mp4,5,1,155,622,776
Videos/82661/Visite_1/82661_Question_1_2024-11-13_12-43-32_Video.mp4,0,0,271,0,270
Videos/82677/Visite_1/82677_Question_4_2024-11-13_22-27-30_Video.mp4,0,0,113,0,112
Videos/82677/Visite_1/82677_Question_4_2024-11-13_22-27-30_Video.mp4,1,1,193,113,305
Videos/82677/Visite_1/82677_Question_4_2024-11-13_22-27-30_Video.mp4,2,0,26,306,331
Videos/82730/Visite_1/82730_Question_1_2024-11-19_20-48-53_Video.mp4,0,0,321,0,320
Videos/82730/Visite_1/82730_Question_2_2024-11-19_20-50-15_Video.mp4,0,0,431,0,430
Videos/82730/Visite_1/82730_Question_2_2024-11-19_20-50-15_Video.mp4,1,1,106,431,536
Videos/82730/Visite_1/82730_Question_2_2024-11-19_20-50-15_Video.mp4,2,0,776,537,1312
Videos/82582/Visite_1/82582_Question_5_2024-10-02_16-09-09_Video.mp4,0,0,179,0,178
Videos/82582/Visite_1/82582_Question_5_2024-10-02_16-09-09_Video.mp4,1,1,72,179,250
Videos/82582/Visite_1/82582_Question_5_2024-10-02_16-09-09_Video.mp4,2,0,72,251,322
Videos/82641/Visite_1/82641_Question_7_2024-11-11_11-33-18_Video.mp4,0,0,67,0,66
Videos/82641/Visite_1/82641_Question_7_2024-11-11_11-33-18_Video.mp4,1,1,64,67,130
Videos/82641/Visite_1/82641_Question_7_2024-11-11_11-33-18_Video.mp4,2,0,29,131,159
Videos/82641/Visite_1/82641_Question_7_2024-11-11_11-33-18_Video.mp4,3,1,32,160,191
Videos/82641/Visite_1/82641_Question_7_2024-11-11_11-33-18_Video.mp4,4,0,19,192,210
Videos/82654/Visite_1/82654_Question_3_2024-11-13_08-18-23_Video.mp4,0,0,379,0,378
Videos/82584/Visite_1/82584_Question_7_2024-10-02_16-14-51_Video.mp4,0,0,70,0,69
Videos/82584/Visite_1/82584_Question_7_2024-10-02_16-14-51_Video.mp4,1,1,34,70,103
Videos/82584/Visite_1/82584_Question_7_2024-10-02_16-14-51_Video.mp4,2,0,81,104,184
Videos/82650/Visite_1/82650_Question_4_2024-11-13_00-41-46_Video.mp4,0,0,183,0,182
Videos/82650/Visite_1/82650_Question_4_2024-11-13_00-41-46_Video.mp4,1,1,95,183,277
Videos/82650/Visite_1/82650_Question_4_2024-11-13_00-41-46_Video.mp4,2,0,238,278,515
Videos/82650/Visite_1/82650_Question_4_2024-11-13_00-41-46_Video.mp4,3,1,257,516,772
Videos/82650/Visite_1/82650_Question_4_2024-11-13_00-41-46_Video.mp4,4,0,68,773,840
Videos/82590/Visite_1/82590_Question_5_2024-10-02_16-21-49_Video-DESKTOP-NQ55E0P.mp4,0,0,434,0,433
Videos/82590/Visite_1/82590_Question_5_2024-10-02_16-21-49_Video-DESKTOP-NQ55E0P.mp4,1,1,72,434,505
Videos/82590/Visite_1/82590_Question_5_2024-10-02_16-21-49_Video-DESKTOP-NQ55E0P.mp4,2,0,83,506,588
Videos/82590/Visite_1/82590_Question_5_2024-10-02_16-21-49_Video-DESKTOP-NQ55E0P.mp4,3,1,51,589,639
Videos/82590/Visite_1/82590_Question_5_2024-10-02_16-21-49_Video-DESKTOP-NQ55E0P.mp4,4,0,29,640,668
Videos/82590/Visite_1/82590_Question_5_2024-10-02_16-21-49_Video-DESKTOP-NQ55E0P.mp4,5,1,76,669,744
Videos/82590/Visite_1/82590_Question_5_2024-10-02_16-21-49_Video-DESKTOP-NQ55E0P.mp4,6,0,148,745,892
Videos/82590/Visite_1/82590_Question_5_2024-10-02_16-21-49_Video-DESKTOP-NQ55E0P.mp4,7,1,61,893,953
Videos/82590/Visite_1/82590_Question_5_2024-10-02_16-21-49_Video-DESKTOP-NQ55E0P.mp4,8,0,312,954,1265
Videos/82705/Visite_1/82705_Question_6_2024-11-18_13-47-54_Video.mp4,0,0,188,0,187
Videos/82601/Visite_1/82601_Question_2_2024-11-01_20-15-45_Video.mp4,0,0,203,0,202
Videos/82601/Visite_1/82601_Question_2_2024-11-01_20-15-45_Video.mp4,1,1,58,203,260
Videos/82601/Visite_1/82601_Question_2_2024-11-01_20-15-45_Video.mp4,2,0,226,261,486
Videos/82601/Visite_1/82601_Question_2_2024-11-01_20-15-45_Video.mp4,3,1,215,487,701
Videos/82601/Visite_1/82601_Question_2_2024-11-01_20-15-45_Video.mp4,4,0,600,702,1301
Videos/82783/Visite_1/82783_Question_3_2024-12-09_22-51-14_Video.mp4,0,0,753,0,752
Videos/82783/Visite_1/82783_Question_3_2024-12-09_22-51-14_Video.mp4,1,1,85,753,837
Videos/82725/Visite_1/82725_Question_3_2024-11-19_15-16-01_Video.mp4,1,1,102,12,113
Videos/82725/Visite_1/82725_Question_3_2024-11-19_15-16-01_Video.mp4,2,0,19,114,132
Videos/82725/Visite_1/82725_Question_3_2024-11-19_15-16-01_Video.mp4,3,1,119,133,251
Videos/82725/Visite_1/82725_Question_3_2024-11-19_15-16-01_Video.mp4,5,1,48,260,307
Videos/82725/Visite_1/82725_Question_3_2024-11-19_15-16-01_Video.mp4,6,0,181,308,488
Videos/82589/Visite_1/82589_Question_2_2024-10-02_16-14-43_Video-DESKTOP-NQ55E0P.mp4,0,0,191,0,190
Videos/82589/Visite_1/82589_Question_2_2024-10-02_16-14-43_Video-DESKTOP-NQ55E0P.mp4,1,1,61,191,251
Videos/82589/Visite_1/82589_Question_2_2024-10-02_16-14-43_Video-DESKTOP-NQ55E0P.mp4,2,0,84,252,335
Videos/82589/Visite_1/82589_Question_2_2024-10-02_16-14-43_Video-DESKTOP-NQ55E0P.mp4,3,1,68,336,403
Videos/82589/Visite_1/82589_Question_2_2024-10-02_16-14-43_Video-DESKTOP-NQ55E0P.mp4,4,0,27,404,430
Videos/82589/Visite_1/82589_Question_2_2024-10-02_16-14-43_Video-DESKTOP-NQ55E0P.mp4,5,1,55,431,485
Videos/82589/Visite_1/82589_Question_2_2024-10-02_16-14-43_Video-DESKTOP-NQ55E0P.mp4,6,0,81,486,566
Videos/82599/Visite_1/82599_Question_1_2024-11-01_18-40-27_Video.mp4,0,0,1204,0,1203
Videos/82910/Visite_1/82910_Question_1_2025-02-28_18-35-26_Video.mp4,0,0,405,0,404
Videos/82677/Visite_1/82677_Question_7_2024-11-13_22-29-10_Video.mp4,0,0,92,0,91
Videos/82677/Visite_1/82677_Question_7_2024-11-13_22-29-10_Video.mp4,1,1,109,92,200
Videos/82677/Visite_1/82677_Question_7_2024-11-13_22-29-10_Video.mp4,2,0,124,201,324
Videos/82677/Visite_1/82677_Question_7_2024-11-13_22-29-10_Video.mp4,3,1,52,325,376
Videos/82677/Visite_1/82677_Question_7_2024-11-13_22-29-10_Video.mp4,5,1,53,390,442
Videos/82596/Visite_1/82596_Question_4_2024-10-30_21-46-42_Video.mp4,0,0,122,0,121
Videos/82642/Visite_1/82642_Question_5_2024-11-11_14-47-09_Video.mp4,0,0,553,0,552
Videos/82641/Visite_1/82641_Question_6_2024-11-11_11-31-45_Video.mp4,0,0,175,0,174
Videos/82812/Visite_1/82812_Question_2_2025-01-31_19-07-21_Video.mp4,0,0,372,0,371
Videos/82812/Visite_1/82812_Question_2_2025-01-31_19-07-21_Video.mp4,1,1,98,372,469
Videos/82812/Visite_1/82812_Question_2_2025-01-31_19-07-21_Video.mp4,2,0,722,470,1191
Videos/82797/Visite_1/82797_Question_6_2025-01-30_12-57-23_Video.mp4,0,0,372,0,371
Videos/82783/Visite_1/82783_Question_1_2024-12-09_22-48-57_Video.mp4,0,0,311,0,310
Videos/82783/Visite_1/82783_Question_1_2024-12-09_22-48-57_Video.mp4,1,1,79,311,389
Videos/82783/Visite_1/82783_Question_1_2024-12-09_22-48-57_Video.mp4,2,0,83,390,472
Videos/82783/Visite_1/82783_Question_1_2024-12-09_22-48-57_Video.mp4,3,1,70,473,542
Videos/82783/Visite_1/82783_Question_1_2024-12-09_22-48-57_Video.mp4,4,0,126,543,668
Videos/82919/Visite_1/82919_Question_4_2025-03-03_09-47-26_Video.mp4,0,0,113,0,112
Videos/82919/Visite_1/82919_Question_4_2025-03-03_09-47-26_Video.mp4,1,1,35,113,147
Videos/82919/Visite_1/82919_Question_4_2025-03-03_09-47-26_Video.mp4,2,0,19,148,166
Videos/82919/Visite_1/82919_Question_4_2025-03-03_09-47-26_Video.mp4,3,1,32,167,198
Videos/82919/Visite_1/82919_Question_4_2025-03-03_09-47-26_Video.mp4,4,0,39,199,237
Videos/82854/Visite_1/82854_Question_1_2025-02-18_21-05-41_Video.mp4,0,0,190,0,189
Videos/82854/Visite_1/82854_Question_1_2025-02-18_21-05-41_Video.mp4,1,1,54,190,243
Videos/82854/Visite_1/82854_Question_1_2025-02-18_21-05-41_Video.mp4,2,0,237,244,480
Videos/82854/Visite_1/82854_Question_1_2025-02-18_21-05-41_Video.mp4,3,1,73,481,553
Videos/82854/Visite_1/82854_Question_1_2025-02-18_21-05-41_Video.mp4,4,0,526,554,1079
Videos/82751/Visite_1/82751_Question_6_2024-11-28_01-41-07_Video.mp4,0,0,1176,0,1175
Videos/82701/Visite_1/82701_Question_1_2024-11-18_12-08-15_Video.mp4,0,0,398,0,397
Videos/82582/Visite_1/82582_Question_1_2024-10-02_16-06-28_Video.mp4,0,0,391,0,390
Videos/82897/Visite_1/82897_Question_1_2025-02-26_01-28-15_Video.mp4,0,0,192,0,191
Videos/82662/Visite_1/82662_Question_6_2024-11-13_12-51-05_Video.mp4,0,0,595,0,594
Videos/82815/Visite_1/82815_Question_7_2025-01-31_22-22-29_Video.mp4,0,0,41,0,40
Videos/82815/Visite_1/82815_Question_7_2025-01-31_22-22-29_Video.mp4,1,1,73,41,113
Videos/82815/Visite_1/82815_Question_7_2025-01-31_22-22-29_Video.mp4,2,0,397,114,510
Videos/82815/Visite_1/82815_Question_7_2025-01-31_22-22-29_Video.mp4,3,1,89,511,599
Videos/82797/Visite_1/82797_Question_1_2025-01-30_12-55-29_Video.mp4,0,0,634,0,633
Videos/82787/Visite_1/82787_Question_4_2024-12-12_21-49-47_Video.mp4,0,0,131,0,130
Videos/82787/Visite_1/82787_Question_4_2024-12-12_21-49-47_Video.mp4,1,1,79,131,209
Videos/82787/Visite_1/82787_Question_4_2024-12-12_21-49-47_Video.mp4,2,0,43,210,252
Videos/82787/Visite_1/82787_Question_4_2024-12-12_21-49-47_Video.mp4,3,1,63,253,315
Videos/82787/Visite_1/82787_Question_4_2024-12-12_21-49-47_Video.mp4,4,0,70,316,385
Videos/82642/Visite_1/82642_Question_1_2024-11-11_14-43-25_Video.mp4,0,0,690,0,689
Videos/82660/Visite_1/82660_Question_7_2024-11-13_12-16-40_Video.mp4,0,0,267,0,266
Videos/82660/Visite_1/82660_Question_7_2024-11-13_12-16-40_Video.mp4,1,1,111,267,377
Videos/82660/Visite_1/82660_Question_7_2024-11-13_12-16-40_Video.mp4,2,0,49,378,426
Videos/82599/Visite_1/82599_Question_7_2024-11-01_18-41-15_Video.mp4,0,0,46,0,45
Videos/82599/Visite_1/82599_Question_7_2024-11-01_18-41-15_Video.mp4,1,1,108,46,153
Videos/82599/Visite_1/82599_Question_7_2024-11-01_18-41-15_Video.mp4,2,0,243,154,396
Videos/82678/Visite_1/82678_Question_7_2024-11-13_23-22-16_Video.mp4,0,0,23,0,22
Videos/82678/Visite_1/82678_Question_7_2024-11-13_23-22-16_Video.mp4,1,1,73,23,95
Videos/82678/Visite_1/82678_Question_7_2024-11-13_23-22-16_Video.mp4,2,0,75,96,170
Videos/82678/Visite_1/82678_Question_7_2024-11-13_23-22-16_Video.mp4,3,1,72,171,242
Videos/82656/Visite_1/82656_Question_2_2024-11-13_11-22-43_Video.mp4,0,0,735,0,734
Videos/82727/Visite_1/82727_Question_7_2024-11-19_15-47-27_Video.mp4,0,0,46,0,45
Videos/82727/Visite_1/82727_Question_7_2024-11-19_15-47-27_Video.mp4,1,1,244,46,289
Videos/82621/Visite_1/82621_Question_6_2024-11-05_15-00-16_Video.mp4,0,0,136,0,135
Videos/82621/Visite_1/82621_Question_6_2024-11-05_15-00-16_Video.mp4,1,1,36,136,171
Videos/82621/Visite_1/82621_Question_6_2024-11-05_15-00-16_Video.mp4,2,0,89,172,260
Videos/82709/Visite_1/82709_Question_6_2024-11-18_15-17-30_Video.mp4,0,0,341,0,340
Videos/82912/Visite_1/82912_Question_1_2025-03-01_11-50-31_Video.mp4,0,0,698,0,697
Videos/82765/Visite_1/82765_Question_1_2024-12-04_10-36-55_Video.mp4,0,0,220,0,219
Videos/82792/Visite_1/82792_Question_7_2024-12-14_14-01-32_Video.mp4,0,0,566,0,565
Videos/82772/Visite_1/82772_Question_3_2024-12-05_16-41-47_Video.mp4,0,0,111,0,110
Videos/82772/Visite_1/82772_Question_3_2024-12-05_16-41-47_Video.mp4,1,1,111,111,221
Videos/82772/Visite_1/82772_Question_3_2024-12-05_16-41-47_Video.mp4,2,0,606,222,827
Videos/82772/Visite_1/82772_Question_3_2024-12-05_16-41-47_Video.mp4,3,1,106,828,933
Videos/82772/Visite_1/82772_Question_3_2024-12-05_16-41-47_Video.mp4,4,0,501,934,1434
Videos/82745/Visite_1/82745_Question_5_2024-11-27_22-05-03_Video.mp4,0,0,612,0,611
Videos/82677/Visite_1/82677_Question_3_2024-11-13_22-26-48_Video.mp4,0,0,29,0,28
Videos/82677/Visite_1/82677_Question_3_2024-11-13_22-26-48_Video.mp4,1,1,64,29,92
Videos/82677/Visite_1/82677_Question_3_2024-11-13_22-26-48_Video.mp4,2,0,98,93,190
Videos/82677/Visite_1/82677_Question_3_2024-11-13_22-26-48_Video.mp4,3,1,119,191,309
Videos/82677/Visite_1/82677_Question_3_2024-11-13_22-26-48_Video.mp4,4,0,90,310,399
Videos/82633/Visite_1/82633_Question_5_2024-11-06_15-37-07_Video.mp4,0,0,1841,0,1840
Videos/82576/Visite_1/82576_Question_7_2024-10-02_16-01-38_Video.mp4,0,0,43,0,42
Videos/82576/Visite_1/82576_Question_7_2024-10-02_16-01-38_Video.mp4,1,1,71,43,113
Videos/82576/Visite_1/82576_Question_7_2024-10-02_16-01-38_Video.mp4,3,1,70,121,190
Videos/82576/Visite_1/82576_Question_7_2024-10-02_16-01-38_Video.mp4,4,0,155,191,345
Videos/82794/Visite_1/82794_Question_4_2025-01-30_12-49-17_Video.mp4,0,0,100,0,99
Videos/82794/Visite_1/82794_Question_4_2025-01-30_12-49-17_Video.mp4,1,1,87,100,186
Videos/82794/Visite_1/82794_Question_4_2025-01-30_12-49-17_Video.mp4,2,0,139,187,325
Videos/82794/Visite_1/82794_Question_4_2025-01-30_12-49-17_Video.mp4,3,1,112,326,437
Videos/82741/Visite_1/82741_Question_7_2024-11-27_16-34-55_Video.mp4,0,0,238,0,237
Videos/82741/Visite_1/82741_Question_7_2024-11-27_16-34-55_Video.mp4,1,1,98,238,335
Videos/82741/Visite_1/82741_Question_7_2024-11-27_16-34-55_Video.mp4,2,0,598,336,933
Videos/82741/Visite_1/82741_Question_1_2024-11-27_16-33-39_Video.mp4,0,0,832,0,831
Videos/82732/Visite_1/82732_Question_1_2024-11-20_01-38-41_Video.mp4,0,0,498,0,497
Videos/82749/Visite_1/82749_Question_1_2024-11-28_00-30-58_Video.mp4,0,0,173,0,172
Videos/82806/Visite_1/82806_Question_4_2025-01-30_18-15-27_Video.mp4,0,0,237,0,236
Videos/82919/Visite_1/82919_Question_5_2025-03-03_09-45-13_Video.mp4,0,0,396,0,395
Videos/82621/Visite_1/82621_Question_1_2024-11-05_14-58-39_Video.mp4,0,0,427,0,426
Videos/82641/Visite_1/82641_Question_5_2024-11-11_11-32-21_Video.mp4,0,0,142,0,141
Videos/82873/Visite_1/82873_Question_6_2025-02-20_16-23-07_Video.mp4,0,0,98,0,97
Videos/82873/Visite_1/82873_Question_6_2025-02-20_16-23-07_Video.mp4,1,1,94,98,191
Videos/82873/Visite_1/82873_Question_6_2025-02-20_16-23-07_Video.mp4,2,0,228,192,419
Videos/82662/Visite_1/82662_Question_4_2024-11-13_12-50-08_Video.mp4,0,0,177,0,176
Videos/82662/Visite_1/82662_Question_4_2024-11-13_12-50-08_Video.mp4,1,1,116,177,292
Videos/82662/Visite_1/82662_Question_4_2024-11-13_12-50-08_Video.mp4,2,0,471,293,763
Videos/82846/Visite_1/82846_Question_1_2025-02-12_15-45-54_Video.mp4,0,0,263,0,262
Videos/82612/Visite_1/82612_Question_7_2024-11-04_12-31-55_Video.mp4,0,0,65,0,64
Videos/82612/Visite_1/82612_Question_7_2024-11-04_12-31-55_Video.mp4,1,1,64,65,128
Videos/82612/Visite_1/82612_Question_7_2024-11-04_12-31-55_Video.mp4,2,0,158,129,286
Videos/82612/Visite_1/82612_Question_7_2024-11-04_12-31-55_Video.mp4,3,1,202,287,488
Videos/82690/Visite_1/82690_Question_4_2024-11-14_16-01-05_Video.mp4,0,0,190,0,189
Videos/82690/Visite_1/82690_Question_4_2024-11-14_16-01-05_Video.mp4,1,1,130,190,319
Videos/82690/Visite_1/82690_Question_4_2024-11-14_16-01-05_Video.mp4,2,0,159,320,478
Videos/82690/Visite_1/82690_Question_4_2024-11-14_16-01-05_Video.mp4,3,1,237,479,715
Videos/82690/Visite_1/82690_Question_4_2024-11-14_16-01-05_Video.mp4,4,0,124,716,839
Videos/82589/Visite_1/82589_Question_5_2024-10-02_16-11-49_Video.mp4,0,0,281,0,280
Videos/82589/Visite_1/82589_Question_5_2024-10-02_16-11-49_Video.mp4,1,1,102,281,382
Videos/82589/Visite_1/82589_Question_5_2024-10-02_16-11-49_Video.mp4,2,0,274,383,656
Videos/82790/Visite_1/82790_Question_5_2024-12-13_21-02-57_Video.mp4,0,0,733,0,732
Videos/82904/Visite_1/82904_Question_1_2025-02-27_09-25-37_Video.mp4,0,0,404,0,403
Videos/82727/Visite_1/82727_Question_2_2024-11-19_15-50-34_Video.mp4,0,0,22,0,21
Videos/82727/Visite_1/82727_Question_2_2024-11-19_15-50-34_Video.mp4,1,1,112,22,133
Videos/82727/Visite_1/82727_Question_2_2024-11-19_15-50-34_Video.mp4,2,0,42,134,175
Videos/82727/Visite_1/82727_Question_2_2024-11-19_15-50-34_Video.mp4,3,1,205,176,380
Videos/82727/Visite_1/82727_Question_2_2024-11-19_15-50-34_Video.mp4,4,0,42,381,422
Videos/82727/Visite_1/82727_Question_2_2024-11-19_15-50-34_Video.mp4,5,1,63,423,485
Videos/82661/Visite_1/82661_Question_5_2024-11-13_12-45-15_Video.mp4,0,0,357,0,356
Videos/82656/Visite_1/82656_Question_1_2024-11-13_11-19-14_Video.mp4,0,0,416,0,415
Videos/82656/Visite_1/82656_Question_1_2024-11-13_11-19-14_Video.mp4,1,1,120,416,535
Videos/82656/Visite_1/82656_Question_1_2024-11-13_11-19-14_Video.mp4,2,0,20,536,555
Videos/82684/Visite_1/82684_Question_6_2024-11-14_10-54-59_Video.mp4,0,0,333,0,332
Videos/82684/Visite_1/82684_Question_6_2024-11-14_10-54-59_Video.mp4,1,1,123,333,455
Videos/82684/Visite_1/82684_Question_6_2024-11-14_10-54-59_Video.mp4,2,0,23,456,478
Videos/82684/Visite_1/82684_Question_6_2024-11-14_10-54-59_Video.mp4,3,1,136,479,614
Videos/82684/Visite_1/82684_Question_6_2024-11-14_10-54-59_Video.mp4,4,0,30,615,644
Videos/82642/Visite_1/82642_Question_7_2024-11-11_14-44-48_Video.mp4,0,0,37,0,36
Videos/82642/Visite_1/82642_Question_7_2024-11-11_14-44-48_Video.mp4,1,1,124,37,160
Videos/82642/Visite_1/82642_Question_7_2024-11-11_14-44-48_Video.mp4,2,0,78,161,238
Videos/82642/Visite_1/82642_Question_7_2024-11-11_14-44-48_Video.mp4,3,1,185,239,423
Videos/82642/Visite_1/82642_Question_7_2024-11-11_14-44-48_Video.mp4,4,0,49,424,472
Videos/82642/Visite_1/82642_Question_7_2024-11-11_14-44-48_Video.mp4,5,1,130,473,602
Videos/82642/Visite_1/82642_Question_7_2024-11-11_14-44-48_Video.mp4,6,0,364,603,966
Videos/82814/Visite_1/82814_Question_1_2025-01-31_19-24-02_Video.mp4,0,0,239,0,238
Videos/82619/Visite_1/82619_Question_4_2024-11-05_14-57-47_Video-DESKTOP-NQ55E0P.mp4,0,0,191,0,190
Videos/82619/Visite_1/82619_Question_4_2024-11-05_14-57-47_Video-DESKTOP-NQ55E0P.mp4,1,1,157,191,347
Videos/82619/Visite_1/82619_Question_4_2024-11-05_14-57-47_Video-DESKTOP-NQ55E0P.mp4,2,0,611,348,958
Videos/82619/Visite_1/82619_Question_4_2024-11-05_14-57-47_Video-DESKTOP-NQ55E0P.mp4,3,1,89,959,1047
Videos/82619/Visite_1/82619_Question_4_2024-11-05_14-57-47_Video-DESKTOP-NQ55E0P.mp4,4,0,211,1048,1258
Videos/82619/Visite_1/82619_Question_4_2024-11-05_14-57-47_Video-DESKTOP-NQ55E0P.mp4,5,1,298,1259,1556
Videos/82619/Visite_1/82619_Question_4_2024-11-05_14-57-47_Video-DESKTOP-NQ55E0P.mp4,6,0,81,1557,1637
Videos/82619/Visite_1/82619_Question_4_2024-11-05_14-57-47_Video-DESKTOP-NQ55E0P.mp4,7,1,308,1638,1945
Videos/82619/Visite_1/82619_Question_4_2024-11-05_14-57-47_Video-DESKTOP-NQ55E0P.mp4,8,0,49,1946,1994
Videos/82589/Visite_1/82589_Question_3_2024-10-02_16-15-46_Video.mp4,0,0,345,0,344
Videos/82589/Visite_1/82589_Question_3_2024-10-02_16-15-46_Video.mp4,1,1,45,345,389
Videos/82589/Visite_1/82589_Question_3_2024-10-02_16-15-46_Video.mp4,2,0,21,390,410
Videos/82745/Visite_1/82745_Question_4_2024-11-27_22-08-50_Video.mp4,0,0,95,0,94
Videos/82745/Visite_1/82745_Question_4_2024-11-27_22-08-50_Video.mp4,1,1,238,95,332
Videos/82745/Visite_1/82745_Question_4_2024-11-27_22-08-50_Video.mp4,2,0,532,333,864
Videos/82576/Visite_1/82576_Question_2_2024-10-02_16-02-04_Video.mp4,0,0,121,0,120
Videos/82576/Visite_1/82576_Question_2_2024-10-02_16-02-04_Video.mp4,1,1,82,121,202
Videos/82576/Visite_1/82576_Question_2_2024-10-02_16-02-04_Video.mp4,2,0,183,203,385
Videos/82590/Visite_1/82590_Question_4_2024-10-02_16-19-28_Video.mp4,0,0,458,0,457
Videos/82590/Visite_1/82590_Question_4_2024-10-02_16-19-28_Video.mp4,1,1,130,458,587
Videos/82590/Visite_1/82590_Question_4_2024-10-02_16-19-28_Video.mp4,2,0,563,588,1150
Videos/82590/Visite_1/82590_Question_4_2024-10-02_16-19-28_Video.mp4,3,1,154,1151,1304
Videos/82590/Visite_1/82590_Question_4_2024-10-02_16-19-28_Video.mp4,4,0,70,1305,1374
Videos/82664/Visite_1/82664_Question_1_2024-11-13_15-36-31_Video.mp4,0,0,349,0,348
Videos/82772/Visite_1/82772_Question_2_2024-12-05_16-45-52_Video.mp4,0,0,1232,0,1231
Videos/82658/Visite_1/82658_Question_2_2024-11-13_11-57-38_Video.mp4,0,0,900,0,899
Videos/82663/Visite_1/82663_Question_2_2024-11-13_14-53-21_Video.mp4,0,0,659,0,658
Videos/82663/Visite_1/82663_Question_2_2024-11-13_14-53-21_Video.mp4,1,1,148,659,806
Videos/82663/Visite_1/82663_Question_2_2024-11-13_14-53-21_Video.mp4,2,0,89,807,895
Videos/82765/Visite_1/82765_Question_2_2024-12-04_10-41-00_Video.mp4,0,0,123,0,122
Videos/82765/Visite_1/82765_Question_2_2024-12-04_10-41-00_Video.mp4,1,1,104,123,226
Videos/82765/Visite_1/82765_Question_2_2024-12-04_10-41-00_Video.mp4,2,0,339,227,565
Videos/82661/Visite_1/82661_Question_4_2024-11-13_11-31-40_Video.mp4,0,0,192,0,191
Videos/82661/Visite_1/82661_Question_4_2024-11-13_11-31-40_Video.mp4,1,1,77,192,268
Videos/82661/Visite_1/82661_Question_4_2024-11-13_11-31-40_Video.mp4,2,0,254,269,522
Videos/82661/Visite_1/82661_Question_4_2024-11-13_11-31-40_Video.mp4,3,1,316,523,838
Videos/82895/Visite_1/82895_Question_1_2025-02-25_21-22-17_Video.mp4,0,0,471,0,470
Videos/82581/Visite_1/82581_Question_2_2024-10-02_16-13-14_Video.mp4,0,0,493,0,492
Videos/82691/Visite_1/82691_Question_3_2024-11-14_17-39-46_Video.mp4,0,0,325,0,324
Videos/82691/Visite_1/82691_Question_3_2024-11-14_17-39-46_Video.mp4,1,1,91,325,415
Videos/82691/Visite_1/82691_Question_3_2024-11-14_17-39-46_Video.mp4,2,0,100,416,515
Videos/82691/Visite_1/82691_Question_3_2024-11-14_17-39-46_Video.mp4,3,1,104,516,619
Videos/82691/Visite_1/82691_Question_3_2024-11-14_17-39-46_Video.mp4,4,0,50,620,669
Videos/82691/Visite_1/82691_Question_3_2024-11-14_17-39-46_Video.mp4,5,1,101,670,770
Videos/82691/Visite_1/82691_Question_3_2024-11-14_17-39-46_Video.mp4,6,0,156,771,926
Videos/82691/Visite_1/82691_Question_3_2024-11-14_17-39-46_Video.mp4,7,1,210,927,1136
Videos/82691/Visite_1/82691_Question_3_2024-11-14_17-39-46_Video.mp4,8,0,134,1137,1270
Videos/82691/Visite_1/82691_Question_3_2024-11-14_17-39-46_Video.mp4,9,1,161,1271,1431
Videos/82691/Visite_1/82691_Question_3_2024-11-14_17-39-46_Video.mp4,10,0,270,1432,1701
Videos/82691/Visite_1/82691_Question_3_2024-11-14_17-39-46_Video.mp4,11,1,155,1702,1856
Videos/82779/Visite_1/82779_Question_3_2024-12-08_19-21-40_Video.mp4,0,0,335,0,334
Videos/82779/Visite_1/82779_Question_3_2024-12-08_19-21-40_Video.mp4,1,1,199,335,533
Videos/82779/Visite_1/82779_Question_3_2024-12-08_19-21-40_Video.mp4,2,0,471,534,1004
Videos/82601/Visite_1/82601_Question_5_2024-11-01_20-18-36_Video.mp4,0,0,603,0,602
Videos/82601/Visite_1/82601_Question_5_2024-11-01_20-18-36_Video.mp4,1,1,94,603,696
Videos/82601/Visite_1/82601_Question_5_2024-11-01_20-18-36_Video.mp4,2,0,230,697,926
Videos/82553/Visite_1/82553_Question_5_2024-08-22_12-12-54_Video.mp4,0,0,248,0,247
Videos/82706/Visite_1/82706_Question_4_2024-11-18_14-29-08_Video.mp4,0,0,53,0,52
Videos/82706/Visite_1/82706_Question_4_2024-11-18_14-29-08_Video.mp4,1,1,69,53,121
Videos/82706/Visite_1/82706_Question_4_2024-11-18_14-29-08_Video.mp4,2,0,151,122,272
Videos/82706/Visite_1/82706_Question_4_2024-11-18_14-29-08_Video.mp4,3,1,100,273,372
Videos/82706/Visite_1/82706_Question_4_2024-11-18_14-29-08_Video.mp4,5,1,104,382,485
Videos/82706/Visite_1/82706_Question_4_2024-11-18_14-29-08_Video.mp4,7,1,71,497,567
Videos/82706/Visite_1/82706_Question_4_2024-11-18_14-29-08_Video.mp4,8,0,62,568,629
Videos/82706/Visite_1/82706_Question_4_2024-11-18_14-29-08_Video.mp4,9,1,132,630,761
Videos/82596/Visite_1/82596_Question_7_2024-10-30_21-44-28_Video-DESKTOP-NQ55E0P.mp4,0,0,141,0,140
Videos/82691/Visite_1/82691_Question_5_2024-11-14_17-25-56_Video.mp4,0,0,900,0,899
Videos/82725/Visite_1/82725_Question_7_2024-11-19_15-14-37_Video.mp4,0,0,54,0,53
Videos/82725/Visite_1/82725_Question_7_2024-11-19_15-14-37_Video.mp4,1,1,87,54,140
Videos/82725/Visite_1/82725_Question_7_2024-11-19_15-14-37_Video.mp4,3,1,139,152,290
Videos/82745/Visite_1/82745_Question_3_2024-11-27_22-06-55_Video.mp4,0,0,705,0,704
Videos/82588/Visite_1/82588_Question_2_2024-10-02_16-10-49_Video.mp4,0,0,147,0,146
Videos/82725/Visite_1/82725_Question_2_2024-11-19_15-16-46_Video.mp4,0,0,87,0,86
Videos/82725/Visite_1/82725_Question_2_2024-11-19_15-16-46_Video.mp4,1,1,190,87,276
Videos/82725/Visite_1/82725_Question_2_2024-11-19_15-16-46_Video.mp4,2,0,45,277,321
Videos/82725/Visite_1/82725_Question_2_2024-11-19_15-16-46_Video.mp4,3,1,107,322,428
Videos/82725/Visite_1/82725_Question_2_2024-11-19_15-16-46_Video.mp4,4,0,96,429,524
Videos/82758/Visite_1/82758_Question_1_2024-12-03_18-46-11_Video.mp4,0,0,117,0,116
Videos/82567/Visite_1/82567_Question_3_2024-10-02_15-45-23_Video.mp4,0,0,93,0,92
Videos/82567/Visite_1/82567_Question_3_2024-10-02_15-45-23_Video.mp4,1,1,63,93,155
Videos/82567/Visite_1/82567_Question_3_2024-10-02_15-45-23_Video.mp4,2,0,166,156,321
Videos/82567/Visite_1/82567_Question_3_2024-10-02_15-45-23_Video.mp4,3,1,69,322,390
Videos/82567/Visite_1/82567_Question_3_2024-10-02_15-45-23_Video.mp4,4,0,26,391,416
Videos/82718/Visite_1/82718_Question_4_2024-11-18_22-28-03_Video.mp4,0,0,71,0,70
Videos/82718/Visite_1/82718_Question_4_2024-11-18_22-28-03_Video.mp4,1,1,130,71,200
Videos/82718/Visite_1/82718_Question_4_2024-11-18_22-28-03_Video.mp4,3,1,49,214,262
Videos/82718/Visite_1/82718_Question_4_2024-11-18_22-28-03_Video.mp4,4,0,40,263,302
Videos/82718/Visite_1/82718_Question_4_2024-11-18_22-28-03_Video.mp4,5,1,128,303,430
Videos/82807/Visite_1/82807_Question_2_2025-01-30_18-32-36_Video.mp4,0,0,89,0,88
Videos/82807/Visite_1/82807_Question_2_2025-01-30_18-32-36_Video.mp4,1,1,127,89,215
Videos/82807/Visite_1/82807_Question_2_2025-01-30_18-32-36_Video.mp4,2,0,393,216,608
Videos/82807/Visite_1/82807_Question_2_2025-01-30_18-32-36_Video.mp4,3,1,154,609,762
Videos/82919/Visite_1/82919_Question_2_2025-03-03_09-48-15_Video.mp4,0,0,555,0,554
Videos/82787/Visite_1/82787_Question_5_2024-12-12_21-43-03_Video.mp4,0,0,188,0,187
Videos/82787/Visite_1/82787_Question_5_2024-12-12_21-43-03_Video.mp4,1,1,60,188,247
Videos/82787/Visite_1/82787_Question_5_2024-12-12_21-43-03_Video.mp4,2,0,223,248,470
Videos/82619/Visite_1/82619_Question_6_2024-11-05_14-59-17_Video.mp4,0,0,832,0,831
Videos/82709/Visite_1/82709_Question_5_2024-11-18_15-18-35_Video.mp4,0,0,717,0,716
Videos/82647/Visite_1/82647_Question_4_2024-11-12_19-03-48_Video.mp4,0,0,93,0,92
Videos/82647/Visite_1/82647_Question_4_2024-11-12_19-03-48_Video.mp4,1,1,178,93,270
Videos/82647/Visite_1/82647_Question_4_2024-11-12_19-03-48_Video.mp4,2,0,63,271,333
Videos/82647/Visite_1/82647_Question_4_2024-11-12_19-03-48_Video.mp4,3,1,53,334,386
Videos/82647/Visite_1/82647_Question_4_2024-11-12_19-03-48_Video.mp4,4,0,104,387,490
Videos/82647/Visite_1/82647_Question_4_2024-11-12_19-03-48_Video.mp4,5,1,91,491,581
Videos/82572/Visite_1/82572_Question_6_2024-10-02_16-13-17_Video.mp4,0,0,858,0,857
Videos/82890/Visite_1/82890_Question_1_2025-02-25_15-24-20_Video.mp4,0,0,608,0,607
Videos/82638/Visite_1/82638_Question_2_2024-11-08_19-40-12_Video.mp4,0,0,116,0,115
Videos/82638/Visite_1/82638_Question_2_2024-11-08_19-40-12_Video.mp4,1,1,101,116,216
Videos/82638/Visite_1/82638_Question_2_2024-11-08_19-40-12_Video.mp4,2,0,65,217,281
Videos/82728/Visite_1/82728_Question_1_2024-11-19_18-33-11_Video.mp4,0,0,434,0,433
Videos/82784/Visite_1/82784_Question_1_2024-12-10_01-07-25_Video.mp4,0,0,644,0,643
Videos/82669/Visite_1/82669_Question_1_2024-11-13_18-54-25_Video-DESKTOP-NQ55E0P.mp4,0,0,364,0,363
Videos/82669/Visite_1/82669_Question_1_2024-11-13_18-54-25_Video-DESKTOP-NQ55E0P.mp4,1,1,63,364,426
Videos/82669/Visite_1/82669_Question_1_2024-11-13_18-54-25_Video-DESKTOP-NQ55E0P.mp4,2,0,34,427,460
Videos/82704/Visite_1/82704_Question_4_2024-11-18_13-37-03_Video.mp4,0,0,214,0,213
Videos/82704/Visite_1/82704_Question_4_2024-11-18_13-37-03_Video.mp4,1,1,95,214,308
Videos/82704/Visite_1/82704_Question_4_2024-11-18_13-37-03_Video.mp4,2,0,18,309,326
Videos/82704/Visite_1/82704_Question_4_2024-11-18_13-37-03_Video.mp4,3,1,104,327,430
Videos/82663/Visite_1/82663_Question_3_2024-11-13_14-54-35_Video.mp4,0,0,23,0,22
Videos/82663/Visite_1/82663_Question_3_2024-11-13_14-54-35_Video.mp4,1,1,72,23,94
Videos/82663/Visite_1/82663_Question_3_2024-11-13_14-54-35_Video.mp4,2,0,116,95,210
Videos/82663/Visite_1/82663_Question_3_2024-11-13_14-54-35_Video.mp4,3,1,99,211,309
Videos/82663/Visite_1/82663_Question_3_2024-11-13_14-54-35_Video.mp4,4,0,845,310,1154
Videos/82663/Visite_1/82663_Question_3_2024-11-13_14-54-35_Video.mp4,5,1,63,1155,1217
Videos/82596/Visite_1/82596_Question_6_2024-10-30_21-45-21_Video.mp4,0,0,262,0,261
Videos/82576/Visite_1/82576_Question_4_2024-10-02_16-02-30_Video.mp4,0,0,83,0,82
Videos/82576/Visite_1/82576_Question_4_2024-10-02_16-02-30_Video.mp4,1,1,76,83,158
Videos/82576/Visite_1/82576_Question_4_2024-10-02_16-02-30_Video.mp4,2,0,89,159,247
Videos/82582/Visite_1/82582_Question_3_2024-10-02_16-09-46_Video.mp4,0,0,339,0,338
Videos/82727/Visite_1/82727_Question_3_2024-11-19_15-48-57_Video.mp4,0,0,74,0,73
Videos/82727/Visite_1/82727_Question_3_2024-11-19_15-48-57_Video.mp4,1,1,411,74,484
Videos/82727/Visite_1/82727_Question_3_2024-11-19_15-48-57_Video.mp4,2,0,20,485,504
Videos/82599/Visite_1/82599_Question_3_2024-11-01_18-43-09_Video.mp4,0,0,135,0,134
Videos/82599/Visite_1/82599_Question_3_2024-11-01_18-43-09_Video.mp4,1,1,91,135,225
Videos/82599/Visite_1/82599_Question_3_2024-11-01_18-43-09_Video.mp4,2,0,346,226,571
Videos/82741/Visite_1/82741_Question_3_2024-11-27_16-42-19_Video.mp4,0,0,2143,0,2142
Videos/82779/Visite_1/82779_Question_1_2024-12-08_19-14-36_Video.mp4,0,0,461,0,460
Videos/82620/Visite_1/82620_Question_1_2024-11-05_14-56-01_Video.mp4,0,0,994,0,993
Videos/82806/Visite_1/82806_Question_2_2025-01-30_18-13-53_Video.mp4,0,0,222,0,221
Videos/82866/Visite_1/82866_Question_3_2025-02-20_14-57-08_Video.mp4,0,0,492,0,491
Videos/82588/Visite_1/82588_Question_5_2024-10-02_16-12-33_Video.mp4,0,0,118,0,117
Videos/82588/Visite_1/82588_Question_5_2024-10-02_16-12-33_Video.mp4,1,1,30,118,147
Videos/82588/Visite_1/82588_Question_5_2024-10-02_16-12-33_Video.mp4,2,0,65,148,212
Videos/82661/Visite_1/82661_Question_2_2024-11-13_11-30-33_Video.mp4,0,0,1064,0,1063
Videos/82804/Visite_1/82804_Question_6_2025-01-30_14-28-00_Video.mp4,0,0,632,0,631
Videos/82660/Visite_1/82660_Question_3_2024-11-13_12-15-32_Video.mp4,0,0,644,0,643
Videos/82728/Visite_1/82728_Question_5_2024-11-19_18-36-33_Video.mp4,0,0,231,0,230
Videos/82728/Visite_1/82728_Question_5_2024-11-19_18-36-33_Video.mp4,1,1,209,231,439
Videos/82728/Visite_1/82728_Question_5_2024-11-19_18-36-33_Video.mp4,2,0,67,440,506
Videos/82728/Visite_1/82728_Question_5_2024-11-19_18-36-33_Video.mp4,3,1,157,507,663
Videos/82590/Visite_1/82590_Question_6_2024-10-02_16-28-07_Video.mp4,0,0,21,0,20
Videos/82590/Visite_1/82590_Question_6_2024-10-02_16-28-07_Video.mp4,1,1,157,21,177
Videos/82590/Visite_1/82590_Question_6_2024-10-02_16-28-07_Video.mp4,3,1,87,191,277
Videos/82590/Visite_1/82590_Question_6_2024-10-02_16-28-07_Video.mp4,4,0,552,278,829
Videos/82590/Visite_1/82590_Question_6_2024-10-02_16-28-07_Video.mp4,5,1,80,830,909
Videos/82590/Visite_1/82590_Question_6_2024-10-02_16-28-07_Video.mp4,6,0,240,910,1149
Videos/82590/Visite_1/82590_Question_6_2024-10-02_16-28-07_Video.mp4,7,1,63,1150,1212
Videos/82590/Visite_1/82590_Question_6_2024-10-02_16-28-07_Video.mp4,8,0,203,1213,1415
Videos/82590/Visite_1/82590_Question_6_2024-10-02_16-28-07_Video.mp4,9,1,53,1416,1468
Videos/82590/Visite_1/82590_Question_6_2024-10-02_16-28-07_Video.mp4,10,0,148,1469,1616
Videos/82590/Visite_1/82590_Question_6_2024-10-02_16-28-07_Video.mp4,11,1,76,1617,1692
Videos/82590/Visite_1/82590_Question_6_2024-10-02_16-28-07_Video.mp4,12,0,38,1693,1730
Videos/82849/Visite_1/82849_Question_1_2025-02-18_18-55-03_Video.mp4,0,0,593,0,592
Videos/82845/Visite_1/82845_Question_1_2025-02-12_14-08-42_Video.mp4,0,0,454,0,453
Videos/82845/Visite_1/82845_Question_1_2025-02-12_14-08-42_Video.mp4,1,1,89,454,542
Videos/82845/Visite_1/82845_Question_1_2025-02-12_14-08-42_Video.mp4,2,0,173,543,715
Videos/82845/Visite_1/82845_Question_1_2025-02-12_14-08-42_Video.mp4,3,1,61,716,776
Videos/82619/Visite_1/82619_Question_5_2024-11-05_15-00-22_Video-DESKTOP-NQ55E0P.mp4,0,0,561,0,560
Videos/82577/Visite_1/82577_Question_1_2024-10-02_16-03-18_Video.mp4,0,0,196,0,195
Videos/82577/Visite_1/82577_Question_1_2024-10-02_16-03-18_Video.mp4,1,1,71,196,266
Videos/82577/Visite_1/82577_Question_1_2024-10-02_16-03-18_Video.mp4,2,0,144,267,410
Videos/82633/Visite_1/82633_Question_6_2024-11-06_15-33-40_Video.mp4,0,0,842,0,841
Videos/82633/Visite_1/82633_Question_6_2024-11-06_15-33-40_Video.mp4,1,1,376,842,1217
Videos/82633/Visite_1/82633_Question_6_2024-11-06_15-33-40_Video.mp4,2,0,32,1218,1249
Videos/82765/Visite_1/82765_Question_7_2024-12-04_10-37-34_Video.mp4,0,0,35,0,34
Videos/82765/Visite_1/82765_Question_7_2024-12-04_10-37-34_Video.mp4,1,1,46,35,80
Videos/82765/Visite_1/82765_Question_7_2024-12-04_10-37-34_Video.mp4,2,0,82,81,162
Videos/82882/Visite_1/82882_Question_1_2025-02-22_21-45-30_Video.mp4,0,0,354,0,353
Videos/82792/Visite_1/82792_Question_1_2024-12-14_13-57-10_Video.mp4,0,0,128,0,127
Videos/82792/Visite_1/82792_Question_1_2024-12-14_13-57-10_Video.mp4,1,1,76,128,203
Videos/82792/Visite_1/82792_Question_1_2024-12-14_13-57-10_Video.mp4,2,0,52,204,255
Videos/82792/Visite_1/82792_Question_1_2024-12-14_13-57-10_Video.mp4,3,1,44,256,299
Videos/82792/Visite_1/82792_Question_1_2024-12-14_13-57-10_Video.mp4,4,0,41,300,340
Videos/82792/Visite_1/82792_Question_1_2024-12-14_13-57-10_Video.mp4,5,1,64,341,404
Videos/82792/Visite_1/82792_Question_1_2024-12-14_13-57-10_Video.mp4,6,0,110,405,514
Videos/82647/Visite_1/82647_Question_6_2024-11-12_19-02-19_Video.mp4,0,0,483,0,482
Videos/82582/Visite_1/82582_Question_6_2024-10-02_16-07-42_Video.mp4,0,0,158,0,157
Videos/82582/Visite_1/82582_Question_6_2024-10-02_16-07-42_Video.mp4,1,1,35,158,192
Videos/82582/Visite_1/82582_Question_6_2024-10-02_16-07-42_Video.mp4,2,0,76,193,268
Videos/82582/Visite_1/82582_Question_6_2024-10-02_16-07-42_Video.mp4,3,1,51,269,319
Videos/82582/Visite_1/82582_Question_6_2024-10-02_16-07-42_Video.mp4,4,0,20,320,339
Videos/82745/Visite_1/82745_Question_2_2024-11-27_22-07-43_Video.mp4,0,0,644,0,643
Videos/82737/Visite_1/82737_Question_1_2024-11-27_15-25-36_Video.mp4,0,0,941,0,940
Videos/82709/Visite_1/82709_Question_2_2024-11-18_15-22-14_Video.mp4,0,0,615,0,614
Videos/82709/Visite_1/82709_Question_2_2024-11-18_15-22-14_Video.mp4,1,1,109,615,723
Videos/82709/Visite_1/82709_Question_2_2024-11-18_15-22-14_Video.mp4,2,0,335,724,1058
Videos/82709/Visite_1/82709_Question_2_2024-11-18_15-22-14_Video.mp4,3,1,49,1059,1107
Videos/82709/Visite_1/82709_Question_2_2024-11-18_15-22-14_Video.mp4,4,0,23,1108,1130
Videos/82601/Visite_1/82601_Question_6_2024-11-01_20-21-53_Video.mp4,0,0,215,0,214
Videos/82601/Visite_1/82601_Question_6_2024-11-01_20-21-53_Video.mp4,1,1,55,215,269
Videos/82601/Visite_1/82601_Question_6_2024-11-01_20-21-53_Video.mp4,2,0,67,270,336
Videos/82601/Visite_1/82601_Question_6_2024-11-01_20-21-53_Video.mp4,3,1,68,337,404
Videos/82601/Visite_1/82601_Question_6_2024-11-01_20-21-53_Video.mp4,4,0,1104,405,1508
Videos/82728/Visite_1/82728_Question_2_2024-11-19_18-45-20_Video.mp4,0,0,116,0,115
Videos/82728/Visite_1/82728_Question_2_2024-11-19_18-45-20_Video.mp4,1,1,165,116,280
Videos/82728/Visite_1/82728_Question_2_2024-11-19_18-45-20_Video.mp4,2,0,54,281,334
Videos/82728/Visite_1/82728_Question_2_2024-11-19_18-45-20_Video.mp4,3,1,95,335,429
Videos/82728/Visite_1/82728_Question_2_2024-11-19_18-45-20_Video.mp4,4,0,72,430,501
Videos/82728/Visite_1/82728_Question_2_2024-11-19_18-45-20_Video.mp4,5,1,90,502,591
Videos/82728/Visite_1/82728_Question_2_2024-11-19_18-45-20_Video.mp4,6,0,89,592,680
Videos/82728/Visite_1/82728_Question_2_2024-11-19_18-45-20_Video.mp4,7,1,126,681,806
Videos/82728/Visite_1/82728_Question_2_2024-11-19_18-45-20_Video.mp4,8,0,91,807,897
Videos/82732/Visite_1/82732_Question_6_2024-11-20_01-39-23_Video.mp4,0,0,445,0,444
Videos/82661/Visite_1/82661_Question_6_2024-11-13_12-45-59_Video.mp4,0,1,399,0,398
Videos/82601/Visite_1/82601_Question_4_2024-11-01_20-17-14_Video.mp4,0,0,1288,0,1287
Videos/82570/Visite_1/82570_Question_6_2024-10-02_16-03-35_Video.mp4,0,0,298,0,297
Videos/82570/Visite_1/82570_Question_6_2024-10-02_16-03-35_Video.mp4,1,1,103,298,400
Videos/82570/Visite_1/82570_Question_6_2024-10-02_16-03-35_Video.mp4,2,0,185,401,585
Videos/82638/Visite_1/82638_Question_7_2024-11-08_19-36-05_Video.mp4,0,0,135,0,134
Videos/82638/Visite_1/82638_Question_7_2024-11-08_19-36-05_Video.mp4,1,1,166,135,300
Videos/82638/Visite_1/82638_Question_7_2024-11-08_19-36-05_Video.mp4,2,0,149,301,449
Videos/82638/Visite_1/82638_Question_7_2024-11-08_19-36-05_Video.mp4,3,1,128,450,577
Videos/82638/Visite_1/82638_Question_7_2024-11-08_19-36-05_Video.mp4,4,0,145,578,722
Videos/82799/Visite_1/82799_Question_7_2025-01-30_13-10-34_Video.mp4,0,0,117,0,116
Videos/82799/Visite_1/82799_Question_7_2025-01-30_13-10-34_Video.mp4,1,1,123,117,239
Videos/82799/Visite_1/82799_Question_7_2025-01-30_13-10-34_Video.mp4,2,0,258,240,497
Videos/82799/Visite_1/82799_Question_7_2025-01-30_13-10-34_Video.mp4,3,1,44,498,541
Videos/82799/Visite_1/82799_Question_7_2025-01-30_13-10-34_Video.mp4,4,0,20,542,561
Videos/82662/Visite_1/82662_Question_2_2024-11-13_12-47-58_Video.mp4,0,0,1083,0,1082
Videos/82743/Visite_1/82743_Question_1_2024-11-27_18-06-34_Video.mp4,0,0,513,0,512
Videos/82677/Visite_1/82677_Question_1_2024-11-13_22-25-15_Video.mp4,0,0,104,0,103
Videos/82677/Visite_1/82677_Question_1_2024-11-13_22-25-15_Video.mp4,1,1,49,104,152
Videos/82677/Visite_1/82677_Question_1_2024-11-13_22-25-15_Video.mp4,2,0,242,153,394
Videos/82809/Visite_1/82809_Question_1_2025-01-31_17-16-47_Video.mp4,0,0,490,0,489
Videos/82601/Visite_1/82601_Question_3_2024-11-01_20-14-08_Video-DESKTOP-NQ55E0P.mp4,0,0,289,0,288
Videos/82601/Visite_1/82601_Question_3_2024-11-01_20-14-08_Video-DESKTOP-NQ55E0P.mp4,1,1,95,289,383
Videos/82601/Visite_1/82601_Question_3_2024-11-01_20-14-08_Video-DESKTOP-NQ55E0P.mp4,2,0,170,384,553
Videos/82601/Visite_1/82601_Question_3_2024-11-01_20-14-08_Video-DESKTOP-NQ55E0P.mp4,3,1,77,554,630
Videos/82601/Visite_1/82601_Question_3_2024-11-01_20-14-08_Video-DESKTOP-NQ55E0P.mp4,4,0,319,631,949
Videos/82919/Visite_1/82919_Question_3_2025-03-03_09-46-46_Video.mp4,0,0,237,0,236
Videos/82919/Visite_1/82919_Question_3_2025-03-03_09-46-46_Video.mp4,1,1,124,237,360
Videos/82919/Visite_1/82919_Question_3_2025-03-03_09-46-46_Video.mp4,2,0,224,361,584
Videos/82919/Visite_1/82919_Question_3_2025-03-03_09-46-46_Video.mp4,3,1,193,585,777
Videos/82845/Visite_1/82845_Question_2_2025-02-12_14-09-56_Video.mp4,0,0,374,0,373
Videos/82845/Visite_1/82845_Question_2_2025-02-12_14-09-56_Video.mp4,1,1,75,374,448
Videos/82845/Visite_1/82845_Question_2_2025-02-12_14-09-56_Video.mp4,2,0,148,449,596
Videos/82845/Visite_1/82845_Question_2_2025-02-12_14-09-56_Video.mp4,3,1,84,597,680
Videos/82845/Visite_1/82845_Question_2_2025-02-12_14-09-56_Video.mp4,4,0,472,681,1152
Videos/82813/Visite_1/82813_Question_7_2025-01-31_19-19-23_Video.mp4,0,0,177,0,176
Videos/82709/Visite_1/82709_Question_7_2024-11-18_15-19-47_Video.mp4,0,0,685,0,684
Videos/82709/Visite_1/82709_Question_7_2024-11-18_15-19-47_Video.mp4,1,1,75,685,759
Videos/82709/Visite_1/82709_Question_7_2024-11-18_15-19-47_Video.mp4,2,0,79,760,838
Videos/82709/Visite_1/82709_Question_7_2024-11-18_15-19-47_Video.mp4,3,1,42,839,880
Videos/82709/Visite_1/82709_Question_7_2024-11-18_15-19-47_Video.mp4,4,0,71,881,951
Videos/82807/Visite_1/82807_Question_6_2025-01-30_18-38-25_Video.mp4,0,0,571,0,570
Videos/82553/Visite_1/82553_Question_7_2024-08-22_12-14-07_Video.mp4,0,0,97,0,96
Videos/82553/Visite_1/82553_Question_7_2024-08-22_12-14-07_Video.mp4,1,1,75,97,171
Videos/82553/Visite_1/82553_Question_7_2024-08-22_12-14-07_Video.mp4,2,0,177,172,348
Videos/82684/Visite_1/82684_Question_4_2024-11-14_10-52-34_Video.mp4,0,0,60,0,59
Videos/82684/Visite_1/82684_Question_4_2024-11-14_10-52-34_Video.mp4,1,1,132,60,191
Videos/82684/Visite_1/82684_Question_4_2024-11-14_10-52-34_Video.mp4,2,0,70,192,261
Videos/82684/Visite_1/82684_Question_4_2024-11-14_10-52-34_Video.mp4,3,1,189,262,450
Videos/82685/Visite_1/82685_Question_1_2024-11-14_11-00-39_Video.mp4,0,0,119,0,118
Videos/82685/Visite_1/82685_Question_1_2024-11-14_11-00-39_Video.mp4,1,1,57,119,175
Videos/82908/Visite_1/82908_Question_1_2025-02-28_12-19-33_Video.mp4,0,0,460,0,459
Videos/82704/Visite_1/82704_Question_2_2024-11-18_13-37-42_Video.mp4,0,0,23,0,22
Videos/82704/Visite_1/82704_Question_2_2024-11-18_13-37-42_Video.mp4,1,1,96,23,118
Videos/82704/Visite_1/82704_Question_2_2024-11-18_13-37-42_Video.mp4,3,1,191,134,324
Videos/82704/Visite_1/82704_Question_2_2024-11-18_13-37-42_Video.mp4,5,1,58,336,393
Videos/82704/Visite_1/82704_Question_2_2024-11-18_13-37-42_Video.mp4,6,0,84,394,477
Videos/82695/Visite_1/82695_Question_3_2024-11-16_08-58-29_Video.mp4,0,0,275,0,274
Videos/82576/Visite_1/82576_Question_5_2024-10-02_16-00-28_Video.mp4,0,0,158,0,157
Videos/82815/Visite_1/82815_Question_2_2025-01-31_22-24-13_Video.mp4,0,0,96,0,95
Videos/82815/Visite_1/82815_Question_2_2025-01-31_22-24-13_Video.mp4,1,1,85,96,180
Videos/82815/Visite_1/82815_Question_2_2025-01-31_22-24-13_Video.mp4,2,0,158,181,338
Videos/82815/Visite_1/82815_Question_2_2025-01-31_22-24-13_Video.mp4,3,1,83,339,421
Videos/82815/Visite_1/82815_Question_2_2025-01-31_22-24-13_Video.mp4,4,0,77,422,498
Videos/82619/Visite_1/82619_Question_3_2024-11-05_14-53-10_Video.mp4,0,0,234,0,233
Videos/82619/Visite_1/82619_Question_3_2024-11-05_14-53-10_Video.mp4,1,1,93,234,326
Videos/82619/Visite_1/82619_Question_3_2024-11-05_14-53-10_Video.mp4,2,0,1244,327,1570
Videos/82690/Visite_1/82690_Question_7_2024-11-14_16-06-25_Video.mp4,0,0,287,0,286
Videos/82690/Visite_1/82690_Question_7_2024-11-14_16-06-25_Video.mp4,1,1,79,287,365
Videos/82690/Visite_1/82690_Question_7_2024-11-14_16-06-25_Video.mp4,2,0,42,366,407
Videos/82690/Visite_1/82690_Question_7_2024-11-14_16-06-25_Video.mp4,3,1,127,408,534
Videos/82690/Visite_1/82690_Question_7_2024-11-14_16-06-25_Video.mp4,5,1,289,543,831
Videos/82603/Visite_1/82603_Question_5_2024-11-01_23-51-55_Video-DESKTOP-NQ55E0P.mp4,1,1,183,3,185
Videos/82603/Visite_1/82603_Question_5_2024-11-01_23-51-55_Video-DESKTOP-NQ55E0P.mp4,2,0,754,186,939
Videos/82813/Visite_1/82813_Question_4_2025-01-31_19-17-45_Video.mp4,0,0,176,0,175
Videos/82813/Visite_1/82813_Question_4_2025-01-31_19-17-45_Video.mp4,1,1,92,176,267
Videos/82813/Visite_1/82813_Question_4_2025-01-31_19-17-45_Video.mp4,2,0,578,268,845
Videos/82813/Visite_1/82813_Question_4_2025-01-31_19-17-45_Video.mp4,3,1,95,846,940
Videos/82814/Visite_1/82814_Question_3_2025-01-31_19-29-01_Video.mp4,0,0,221,0,220
Videos/82644/Visite_1/82644_Question_1_2024-11-11_14-56-06_Video-DESKTOP-NQ55E0P.mp4,0,0,377,0,376
Videos/82718/Visite_1/82718_Question_7_2024-11-18_22-25-11_Video.mp4,0,0,233,0,232
Videos/82718/Visite_1/82718_Question_7_2024-11-18_22-25-11_Video.mp4,1,1,218,233,450
Videos/82718/Visite_1/82718_Question_7_2024-11-18_22-25-11_Video.mp4,2,0,61,451,511
Videos/82718/Visite_1/82718_Question_7_2024-11-18_22-25-11_Video.mp4,3,1,82,512,593
Videos/82718/Visite_1/82718_Question_7_2024-11-18_22-25-11_Video.mp4,4,0,138,594,731
Videos/82759/Visite_1/82759_Question_5_2024-12-03_18-55-58_Video.mp4,0,0,394,0,393
Videos/82745/Visite_1/82745_Question_7_2024-11-27_22-05-53_Video.mp4,0,0,157,0,156
Videos/82745/Visite_1/82745_Question_7_2024-11-27_22-05-53_Video.mp4,1,1,131,157,287
Videos/82745/Visite_1/82745_Question_7_2024-11-27_22-05-53_Video.mp4,2,0,247,288,534
Videos/82908/Visite_1/82908_Question_6_2025-02-28_12-24-21_Video.mp4,0,0,411,0,410
Videos/82908/Visite_1/82908_Question_6_2025-02-28_12-24-21_Video.mp4,1,1,97,411,507
Videos/82908/Visite_1/82908_Question_6_2025-02-28_12-24-21_Video.mp4,2,0,49,508,556
Videos/82581/Visite_1/82581_Question_3_2024-10-02_16-17-30_Video.mp4,0,0,96,0,95
Videos/82581/Visite_1/82581_Question_3_2024-10-02_16-17-30_Video.mp4,1,1,61,96,156
Videos/82581/Visite_1/82581_Question_3_2024-10-02_16-17-30_Video.mp4,2,0,61,157,217
Videos/82581/Visite_1/82581_Question_3_2024-10-02_16-17-30_Video.mp4,3,1,39,218,256
Videos/82581/Visite_1/82581_Question_3_2024-10-02_16-17-30_Video.mp4,4,0,304,257,560
Videos/82797/Visite_1/82797_Question_7_2025-01-30_12-56-05_Video.mp4,0,0,80,0,79
Videos/82797/Visite_1/82797_Question_7_2025-01-30_12-56-05_Video.mp4,1,1,69,80,148
Videos/82797/Visite_1/82797_Question_7_2025-01-30_12-56-05_Video.mp4,2,0,35,149,183
Videos/82797/Visite_1/82797_Question_7_2025-01-30_12-56-05_Video.mp4,3,1,81,184,264
Videos/82797/Visite_1/82797_Question_7_2025-01-30_12-56-05_Video.mp4,4,0,92,265,356
Videos/82704/Visite_1/82704_Question_3_2024-11-18_13-35-43_Video.mp4,0,0,134,0,133
Videos/82704/Visite_1/82704_Question_3_2024-11-18_13-35-43_Video.mp4,1,1,190,134,323
Videos/82704/Visite_1/82704_Question_3_2024-11-18_13-35-43_Video.mp4,2,0,195,324,518
Videos/82704/Visite_1/82704_Question_3_2024-11-18_13-35-43_Video.mp4,3,1,210,519,728
Videos/82704/Visite_1/82704_Question_3_2024-11-18_13-35-43_Video.mp4,4,0,29,729,757
Videos/82814/Visite_1/82814_Question_5_2025-01-31_19-24-48_Video.mp4,0,0,239,0,238
Videos/82790/Visite_1/82790_Question_6_2024-12-13_21-01-09_Video.mp4,0,0,666,0,665
Videos/82725/Visite_1/82725_Question_5_2024-11-19_15-13-59_Video.mp4,0,0,191,0,190
Videos/82725/Visite_1/82725_Question_5_2024-11-19_15-13-59_Video.mp4,1,1,59,191,249
Videos/82725/Visite_1/82725_Question_5_2024-11-19_15-13-59_Video.mp4,2,0,64,250,313
Videos/82717/Visite_1/82717_Question_1_2024-11-18_22-18-09_Video.mp4,0,0,562,0,561
Videos/82575/Visite_1/82575_Question_2_2024-10-02_16-03-51_Video.mp4,0,0,587,0,586
Videos/82575/Visite_1/82575_Question_2_2024-10-02_16-03-51_Video.mp4,1,1,45,587,631
Videos/82575/Visite_1/82575_Question_2_2024-10-02_16-03-51_Video.mp4,2,0,173,632,804
Videos/82575/Visite_1/82575_Question_2_2024-10-02_16-03-51_Video.mp4,3,1,52,805,856
Videos/82575/Visite_1/82575_Question_2_2024-10-02_16-03-51_Video.mp4,4,0,197,857,1053
Videos/82575/Visite_1/82575_Question_2_2024-10-02_16-03-51_Video.mp4,5,1,54,1054,1107
Videos/82575/Visite_1/82575_Question_2_2024-10-02_16-03-51_Video.mp4,6,0,138,1108,1245
Videos/82575/Visite_1/82575_Question_2_2024-10-02_16-03-51_Video.mp4,7,1,53,1246,1298
Videos/82575/Visite_1/82575_Question_2_2024-10-02_16-03-51_Video.mp4,8,0,109,1299,1407
Videos/82718/Visite_1/82718_Question_2_2024-11-18_22-27-31_Video.mp4,0,0,122,0,121
Videos/82718/Visite_1/82718_Question_2_2024-11-18_22-27-31_Video.mp4,1,1,56,122,177
Videos/82718/Visite_1/82718_Question_2_2024-11-18_22-27-31_Video.mp4,2,0,86,178,263
Videos/82718/Visite_1/82718_Question_2_2024-11-18_22-27-31_Video.mp4,3,1,79,264,342
Videos/82718/Visite_1/82718_Question_2_2024-11-18_22-27-31_Video.mp4,5,1,110,351,460
Videos/82718/Visite_1/82718_Question_2_2024-11-18_22-27-31_Video.mp4,6,0,119,461,579
Videos/82817/Visite_1/82817_Question_3_2025-02-01_02-07-35_Video.mp4,0,0,404,0,403
Videos/82705/Visite_1/82705_Question_3_2024-11-18_13-43-25_Video.mp4,0,0,46,0,45
Videos/82705/Visite_1/82705_Question_3_2024-11-18_13-43-25_Video.mp4,1,1,128,46,173
Videos/82587/Visite_1/82587_Question_7_2024-10-02_16-15-12_Video-DESKTOP-NQ55E0P.mp4,0,0,275,0,274
Videos/82587/Visite_1/82587_Question_7_2024-10-02_16-15-12_Video-DESKTOP-NQ55E0P.mp4,1,1,41,275,315
Videos/82587/Visite_1/82587_Question_7_2024-10-02_16-15-12_Video-DESKTOP-NQ55E0P.mp4,2,0,38,316,353
Videos/82587/Visite_1/82587_Question_7_2024-10-02_16-15-12_Video-DESKTOP-NQ55E0P.mp4,3,1,92,354,445
Videos/82587/Visite_1/82587_Question_7_2024-10-02_16-15-12_Video-DESKTOP-NQ55E0P.mp4,4,0,118,446,563
Videos/82587/Visite_1/82587_Question_7_2024-10-02_16-15-12_Video-DESKTOP-NQ55E0P.mp4,5,1,95,564,658
Videos/82587/Visite_1/82587_Question_7_2024-10-02_16-15-12_Video-DESKTOP-NQ55E0P.mp4,6,0,93,659,751
Videos/82652/Visite_1/82652_Question_6_2024-11-13_07-43-48_Video.mp4,0,0,1306,0,1305
Videos/82660/Visite_1/82660_Question_6_2024-11-13_12-16-08_Video.mp4,0,0,334,0,333
Videos/82814/Visite_1/82814_Question_6_2025-01-31_19-25-23_Video.mp4,0,0,204,0,203
Videos/82819/Visite_1/82819_Question_5_2025-02-01_11-45-45_Video.mp4,0,0,329,0,328
Videos/82627/Visite_1/82627_Question_2_2024-11-06_11-38-32_Video-DESKTOP-NQ55E0P.mp4,0,0,465,0,464
Videos/82727/Visite_1/82727_Question_5_2024-11-19_15-46-51_Video.mp4,0,0,94,0,93
Videos/82727/Visite_1/82727_Question_5_2024-11-19_15-46-51_Video.mp4,1,1,235,94,328
Videos/82727/Visite_1/82727_Question_5_2024-11-19_15-46-51_Video.mp4,2,0,37,329,365
Videos/82728/Visite_1/82728_Question_4_2024-11-19_18-44-08_Video.mp4,0,0,253,0,252
Videos/82728/Visite_1/82728_Question_4_2024-11-19_18-44-08_Video.mp4,1,1,257,253,509
Videos/82728/Visite_1/82728_Question_4_2024-11-19_18-44-08_Video.mp4,2,0,17,510,526
Videos/82728/Visite_1/82728_Question_4_2024-11-19_18-44-08_Video.mp4,3,1,136,527,662
Videos/82728/Visite_1/82728_Question_4_2024-11-19_18-44-08_Video.mp4,4,0,74,663,736
Videos/82728/Visite_1/82728_Question_4_2024-11-19_18-44-08_Video.mp4,5,1,454,737,1190
Videos/82728/Visite_1/82728_Question_4_2024-11-19_18-44-08_Video.mp4,7,1,301,1205,1505
Videos/82728/Visite_1/82728_Question_4_2024-11-19_18-44-08_Video.mp4,8,0,55,1506,1560
Videos/82718/Visite_1/82718_Question_5_2024-11-18_22-26-55_Video.mp4,0,0,95,0,94
Videos/82718/Visite_1/82718_Question_5_2024-11-18_22-26-55_Video.mp4,1,1,97,95,191
Videos/82718/Visite_1/82718_Question_5_2024-11-18_22-26-55_Video.mp4,3,1,42,197,238
Videos/82718/Visite_1/82718_Question_5_2024-11-18_22-26-55_Video.mp4,4,0,42,239,280
Videos/82705/Visite_1/82705_Question_7_2024-11-18_13-44-54_Video.mp4,0,0,182,0,181
Videos/82920/Visite_1/82920_Question_1_2025-03-03_13-15-14_Video.mp4,0,0,233,0,232
Videos/82819/Visite_1/82819_Question_7_2025-02-01_11-46-02_Video.mp4,0,0,41,0,40
Videos/82819/Visite_1/82819_Question_7_2025-02-01_11-46-02_Video.mp4,1,1,53,41,93
Videos/82819/Visite_1/82819_Question_7_2025-02-01_11-46-02_Video.mp4,2,0,25,94,118
Videos/82806/Visite_1/82806_Question_1_2025-01-30_18-11-48_Video.mp4,0,0,125,0,124
Videos/82635/Visite_1/82635_Question_1_2024-11-06_17-04-00_Video.mp4,0,0,412,0,411
Videos/82754/Visite_1/82754_Question_1_2024-11-28_10-13-05_Video.mp4,0,0,305,0,304
Videos/82705/Visite_1/82705_Question_2_2024-11-18_13-38-39_Video.mp4,0,0,168,0,167
Videos/82581/Visite_1/82581_Question_1_2024-10-02_16-07-38_Video.mp4,0,0,17,0,16
Videos/82581/Visite_1/82581_Question_1_2024-10-02_16-07-38_Video.mp4,1,1,57,17,73
Videos/82581/Visite_1/82581_Question_1_2024-10-02_16-07-38_Video.mp4,2,0,19,74,92
Videos/82581/Visite_1/82581_Question_1_2024-10-02_16-07-38_Video.mp4,3,1,92,93,184
Videos/82581/Visite_1/82581_Question_1_2024-10-02_16-07-38_Video.mp4,4,0,563,185,747
Videos/82904/Visite_1/82904_Question_5_2025-02-27_09-28-40_Video.mp4,0,0,411,0,410
Videos/82654/Visite_1/82654_Question_4_2024-11-13_08-19-14_Video.mp4,0,0,51,0,50
Videos/82654/Visite_1/82654_Question_4_2024-11-13_08-19-14_Video.mp4,1,1,95,51,145
Videos/82654/Visite_1/82654_Question_4_2024-11-13_08-19-14_Video.mp4,2,0,55,146,200
Videos/82654/Visite_1/82654_Question_4_2024-11-13_08-19-14_Video.mp4,3,1,49,201,249
Videos/82654/Visite_1/82654_Question_4_2024-11-13_08-19-14_Video.mp4,5,1,113,261,373
Videos/82654/Visite_1/82654_Question_4_2024-11-13_08-19-14_Video.mp4,6,0,42,374,415
Videos/82589/Visite_1/82589_Question_6_2024-10-02_16-14-10_Video-DESKTOP-NQ55E0P.mp4,0,0,401,0,400
Videos/82897/Visite_1/82897_Question_4_2025-02-26_01-28-59_Video.mp4,0,0,76,0,75
Videos/82897/Visite_1/82897_Question_4_2025-02-26_01-28-59_Video.mp4,1,1,48,76,123
Videos/82897/Visite_1/82897_Question_4_2025-02-26_01-28-59_Video.mp4,2,0,90,124,213
Videos/82790/Visite_1/82790_Question_7_2024-12-13_21-02-01_Video.mp4,0,0,65,0,64
Videos/82790/Visite_1/82790_Question_7_2024-12-13_21-02-01_Video.mp4,1,1,80,65,144
Videos/82790/Visite_1/82790_Question_7_2024-12-13_21-02-01_Video.mp4,2,0,92,145,236
Videos/82790/Visite_1/82790_Question_7_2024-12-13_21-02-01_Video.mp4,3,1,120,237,356
Videos/82790/Visite_1/82790_Question_7_2024-12-13_21-02-01_Video.mp4,4,0,203,357,559
Videos/82797/Visite_1/82797_Question_5_2025-01-30_12-56-49_Video.mp4,0,0,52,0,51
Videos/82797/Visite_1/82797_Question_5_2025-01-30_12-56-49_Video.mp4,1,1,125,52,176
Videos/82797/Visite_1/82797_Question_5_2025-01-30_12-56-49_Video.mp4,2,0,358,177,534
Videos/82724/Visite_1/82724_Question_1_2024-11-19_14-49-18_Video.mp4,0,0,363,0,362
Videos/82800/Visite_1/82800_Question_1_2025-01-30_13-40-30_Video.mp4,0,0,332,0,331
Videos/82800/Visite_1/82800_Question_1_2025-01-30_13-40-30_Video.mp4,1,1,114,332,445
Videos/82800/Visite_1/82800_Question_1_2025-01-30_13-40-30_Video.mp4,2,0,339,446,784
Videos/82576/Visite_1/82576_Question_3_2024-10-02_16-03-03_Video.mp4,0,0,46,0,45
Videos/82576/Visite_1/82576_Question_3_2024-10-02_16-03-03_Video.mp4,1,1,49,46,94
Videos/82576/Visite_1/82576_Question_3_2024-10-02_16-03-03_Video.mp4,2,0,112,95,206
Videos/82684/Visite_1/82684_Question_3_2024-11-14_10-50-12_Video.mp4,0,0,191,0,190
Videos/82684/Visite_1/82684_Question_3_2024-11-14_10-50-12_Video.mp4,1,1,144,191,334
Videos/82684/Visite_1/82684_Question_3_2024-11-14_10-50-12_Video.mp4,2,0,168,335,502
Videos/82684/Visite_1/82684_Question_3_2024-11-14_10-50-12_Video.mp4,3,1,193,503,695
Videos/82684/Visite_1/82684_Question_3_2024-11-14_10-50-12_Video.mp4,4,0,335,696,1030
Videos/82656/Visite_1/82656_Question_3_2024-11-13_11-23-35_Video.mp4,0,0,179,0,178
Videos/82656/Visite_1/82656_Question_3_2024-11-13_11-23-35_Video.mp4,1,1,267,179,445
Videos/82656/Visite_1/82656_Question_3_2024-11-13_11-23-35_Video.mp4,2,0,419,446,864
Videos/82690/Visite_1/82690_Question_1_2024-11-14_15-59-59_Video.mp4,0,0,953,0,952
Videos/82845/Visite_1/82845_Question_6_2025-02-12_14-16-42_Video.mp4,0,0,1336,0,1335
Videos/82705/Visite_1/82705_Question_4_2024-11-18_13-40-35_Video.mp4,0,0,23,0,22
Videos/82705/Visite_1/82705_Question_4_2024-11-18_13-40-35_Video.mp4,1,1,67,23,89
Videos/82705/Visite_1/82705_Question_4_2024-11-18_13-40-35_Video.mp4,2,0,109,90,198
Videos/82663/Visite_1/82663_Question_5_2024-11-13_14-56-32_Video.mp4,0,0,793,0,792
Videos/82730/Visite_1/82730_Question_3_2024-11-19_20-51-36_Video.mp4,0,0,167,0,166
Videos/82730/Visite_1/82730_Question_3_2024-11-19_20-51-36_Video.mp4,1,1,71,167,237
Videos/82730/Visite_1/82730_Question_3_2024-11-19_20-51-36_Video.mp4,2,0,338,238,575
Videos/82730/Visite_1/82730_Question_3_2024-11-19_20-51-36_Video.mp4,3,1,67,576,642
Videos/82730/Visite_1/82730_Question_3_2024-11-19_20-51-36_Video.mp4,4,0,368,643,1010
Videos/82819/Visite_1/82819_Question_1_2025-02-01_11-44-07_Video.mp4,0,0,134,0,133
Videos/82676/Visite_1/82676_Question_1_2024-11-13_21-57-52_Video.mp4,0,0,263,0,262
Videos/82676/Visite_1/82676_Question_1_2024-11-13_21-57-52_Video.mp4,1,1,96,263,358
Videos/82676/Visite_1/82676_Question_1_2024-11-13_21-57-52_Video.mp4,2,0,261,359,619
Videos/82912/Visite_1/82912_Question_4_2025-03-01_11-51-41_Video.mp4,0,0,112,0,111
Videos/82912/Visite_1/82912_Question_4_2025-03-01_11-51-41_Video.mp4,1,1,64,112,175
Videos/82912/Visite_1/82912_Question_4_2025-03-01_11-51-41_Video.mp4,2,0,374,176,549
Videos/82912/Visite_1/82912_Question_4_2025-03-01_11-51-41_Video.mp4,3,1,77,550,626
Videos/82912/Visite_1/82912_Question_4_2025-03-01_11-51-41_Video.mp4,4,0,68,627,694
Videos/82572/Visite_1/82572_Question_7_2024-10-02_16-16-43_Video.mp4,0,0,115,0,114
Videos/82572/Visite_1/82572_Question_7_2024-10-02_16-16-43_Video.mp4,1,1,59,115,173
Videos/82572/Visite_1/82572_Question_7_2024-10-02_16-16-43_Video.mp4,2,0,344,174,517
Videos/82572/Visite_1/82572_Question_7_2024-10-02_16-16-43_Video.mp4,3,1,64,518,581
Videos/82572/Visite_1/82572_Question_7_2024-10-02_16-16-43_Video.mp4,4,0,175,582,756
Videos/82572/Visite_1/82572_Question_7_2024-10-02_16-16-43_Video.mp4,5,1,60,757,816
Videos/82572/Visite_1/82572_Question_7_2024-10-02_16-16-43_Video.mp4,6,0,304,817,1120
Videos/82603/Visite_1/82603_Question_4_2024-11-01_23-50-07_Video-DESKTOP-NQ55E0P.mp4,0,0,950,0,949
Videos/82633/Visite_1/82633_Question_1_2024-11-06_15-28-28_Video.mp4,0,0,373,0,372
Videos/82701/Visite_1/82701_Question_3_2024-11-18_12-12-10_Video.mp4,0,0,71,0,70
Videos/82701/Visite_1/82701_Question_3_2024-11-18_12-12-10_Video.mp4,1,1,118,71,188
Videos/82701/Visite_1/82701_Question_3_2024-11-18_12-12-10_Video.mp4,2,0,331,189,519
Videos/82656/Visite_1/82656_Question_5_2024-11-13_11-21-51_Video.mp4,0,0,150,0,149
Videos/82656/Visite_1/82656_Question_5_2024-11-13_11-21-51_Video.mp4,1,1,66,150,215
Videos/82656/Visite_1/82656_Question_5_2024-11-13_11-21-51_Video.mp4,2,0,72,216,287
Videos/82656/Visite_1/82656_Question_5_2024-11-13_11-21-51_Video.mp4,3,1,96,288,383
Videos/82656/Visite_1/82656_Question_5_2024-11-13_11-21-51_Video.mp4,4,0,184,384,567
Videos/82656/Visite_1/82656_Question_5_2024-11-13_11-21-51_Video.mp4,5,1,44,568,611
Videos/82641/Visite_1/82641_Question_1_2024-11-11_11-30-43_Video.mp4,0,0,181,0,180
Videos/82908/Visite_1/82908_Question_2_2025-02-28_12-20-38_Video.mp4,0,0,119,0,118
Videos/82908/Visite_1/82908_Question_2_2025-02-28_12-20-38_Video.mp4,1,1,103,119,221
Videos/82908/Visite_1/82908_Question_2_2025-02-28_12-20-38_Video.mp4,2,0,305,222,526
Videos/82599/Visite_1/82599_Question_5_2024-11-01_18-42-19_Video.mp4,0,0,366,0,365
Videos/82718/Visite_1/82718_Question_1_2024-11-18_22-24-22_Video.mp4,0,0,860,0,859
Videos/82588/Visite_1/82588_Question_1_2024-10-02_16-10-04_Video.mp4,0,0,247,0,246
Videos/82723/Visite_1/82723_Question_4_2024-11-19_13-45-33_Video.mp4,0,0,265,0,264
Videos/82913/Visite_1/82913_Question_2_2025-03-01_19-07-32_Video.mp4,0,0,272,0,271
Videos/82690/Visite_1/82690_Question_6_2024-11-14_16-05-28_Video.mp4,0,0,119,0,118
Videos/82690/Visite_1/82690_Question_6_2024-11-14_16-05-28_Video.mp4,1,1,88,119,206
Videos/82690/Visite_1/82690_Question_6_2024-11-14_16-05-28_Video.mp4,3,1,136,219,354
Videos/82690/Visite_1/82690_Question_6_2024-11-14_16-05-28_Video.mp4,4,0,425,355,779
Videos/82690/Visite_1/82690_Question_6_2024-11-14_16-05-28_Video.mp4,5,1,287,780,1066
Videos/82690/Visite_1/82690_Question_6_2024-11-14_16-05-28_Video.mp4,6,0,133,1067,1199
Videos/82642/Visite_1/82642_Question_2_2024-11-11_14-48-05_Video.mp4,0,0,636,0,635
Videos/82904/Visite_1/82904_Question_6_2025-02-27_09-29-31_Video.mp4,0,0,690,0,689
Videos/82662/Visite_1/82662_Question_5_2024-11-13_12-51-44_Video.mp4,0,0,358,0,357
Videos/82662/Visite_1/82662_Question_5_2024-11-13_12-51-44_Video.mp4,1,1,68,358,425
Videos/82662/Visite_1/82662_Question_5_2024-11-13_12-51-44_Video.mp4,2,0,83,426,508
Videos/82590/Visite_1/82590_Question_7_2024-10-02_16-24-54_Video.mp4,0,0,455,0,454
Videos/82590/Visite_1/82590_Question_7_2024-10-02_16-24-54_Video.mp4,1,1,121,455,575
Videos/82590/Visite_1/82590_Question_7_2024-10-02_16-24-54_Video.mp4,2,0,127,576,702
Videos/82590/Visite_1/82590_Question_7_2024-10-02_16-24-54_Video.mp4,3,1,85,703,787
Videos/82590/Visite_1/82590_Question_7_2024-10-02_16-24-54_Video.mp4,4,0,127,788,914
Videos/82590/Visite_1/82590_Question_7_2024-10-02_16-24-54_Video.mp4,5,1,62,915,976
Videos/82590/Visite_1/82590_Question_7_2024-10-02_16-24-54_Video.mp4,6,0,151,977,1127
Videos/82590/Visite_1/82590_Question_7_2024-10-02_16-24-54_Video.mp4,7,1,72,1128,1199
Videos/82590/Visite_1/82590_Question_7_2024-10-02_16-24-54_Video.mp4,8,0,85,1200,1284
Videos/82590/Visite_1/82590_Question_7_2024-10-02_16-24-54_Video.mp4,9,1,69,1285,1353
Videos/82590/Visite_1/82590_Question_7_2024-10-02_16-24-54_Video.mp4,10,0,261,1354,1614
Videos/82590/Visite_1/82590_Question_7_2024-10-02_16-24-54_Video.mp4,11,1,65,1615,1679
Videos/82590/Visite_1/82590_Question_7_2024-10-02_16-24-54_Video.mp4,12,0,38,1680,1717
Videos/82723/Visite_1/82723_Question_3_2024-11-19_13-47-30_Video.mp4,0,0,29,0,28
Videos/82723/Visite_1/82723_Question_3_2024-11-19_13-47-30_Video.mp4,1,1,84,29,112
Videos/82723/Visite_1/82723_Question_3_2024-11-19_13-47-30_Video.mp4,2,0,341,113,453
Videos/82723/Visite_1/82723_Question_3_2024-11-19_13-47-30_Video.mp4,3,1,77,454,530
Videos/82723/Visite_1/82723_Question_3_2024-11-19_13-47-30_Video.mp4,4,0,16,531,546
Videos/82701/Visite_1/82701_Question_5_2024-11-18_12-13-56_Video.mp4,0,0,478,0,477
Videos/82701/Visite_1/82701_Question_5_2024-11-18_12-13-56_Video.mp4,1,1,146,478,623
Videos/82701/Visite_1/82701_Question_5_2024-11-18_12-13-56_Video.mp4,2,0,23,624,646
Videos/82701/Visite_1/82701_Question_5_2024-11-18_12-13-56_Video.mp4,3,1,73,647,719
Videos/82701/Visite_1/82701_Question_5_2024-11-18_12-13-56_Video.mp4,4,0,142,720,861
Videos/82589/Visite_1/82589_Question_7_2024-10-02_16-13-31_Video.mp4,0,0,46,0,45
Videos/82589/Visite_1/82589_Question_7_2024-10-02_16-13-31_Video.mp4,1,1,53,46,98
Videos/82589/Visite_1/82589_Question_7_2024-10-02_16-13-31_Video.mp4,2,0,92,99,190
Videos/82589/Visite_1/82589_Question_7_2024-10-02_16-13-31_Video.mp4,3,1,42,191,232
Videos/82589/Visite_1/82589_Question_7_2024-10-02_16-13-31_Video.mp4,4,0,28,233,260
Videos/82589/Visite_1/82589_Question_7_2024-10-02_16-13-31_Video.mp4,5,1,64,261,324
Videos/82589/Visite_1/82589_Question_7_2024-10-02_16-13-31_Video.mp4,6,0,178,325,502
Videos/82589/Visite_1/82589_Question_7_2024-10-02_16-13-31_Video.mp4,7,1,49,503,551
Videos/82589/Visite_1/82589_Question_7_2024-10-02_16-13-31_Video.mp4,8,0,161,552,712
Videos/82789/Visite_1/82789_Question_1_2024-12-13_00-02-52_Video.mp4,0,0,627,0,626
Videos/82750/Visite_1/82750_Question_5_2024-11-28_01-13-30_Video.mp4,0,0,191,0,190
Videos/82750/Visite_1/82750_Question_5_2024-11-28_01-13-30_Video.mp4,1,1,97,191,287
Videos/82750/Visite_1/82750_Question_5_2024-11-28_01-13-30_Video.mp4,2,0,152,288,439
Videos/82678/Visite_1/82678_Question_4_2024-11-13_23-19-44_Video.mp4,1,1,39,8,46
Videos/82678/Visite_1/82678_Question_4_2024-11-13_23-19-44_Video.mp4,2,0,88,47,134
Videos/82678/Visite_1/82678_Question_4_2024-11-13_23-19-44_Video.mp4,3,1,74,135,208
Videos/82647/Visite_1/82647_Question_3_2024-11-12_19-02-54_Video.mp4,0,0,551,0,550
Videos/82751/Visite_1/82751_Question_1_2024-11-28_01-39-44_Video.mp4,0,0,631,0,630
Videos/82695/Visite_1/82695_Question_4_2024-11-16_08-56-02_Video.mp4,0,0,23,0,22
Videos/82695/Visite_1/82695_Question_4_2024-11-16_08-56-02_Video.mp4,1,1,134,23,156
Videos/82695/Visite_1/82695_Question_4_2024-11-16_08-56-02_Video.mp4,2,0,118,157,274
Videos/82790/Visite_1/82790_Question_4_2024-12-13_21-05-08_Video.mp4,0,0,738,0,737
Videos/82642/Visite_1/82642_Question_6_2024-11-11_14-46-10_Video.mp4,0,0,792,0,791
Videos/82647/Visite_1/82647_Question_7_2024-11-12_19-01-17_Video.mp4,0,0,56,0,55
Videos/82647/Visite_1/82647_Question_7_2024-11-12_19-01-17_Video.mp4,1,1,49,56,104
Videos/82647/Visite_1/82647_Question_7_2024-11-12_19-01-17_Video.mp4,2,0,192,105,296
Videos/82647/Visite_1/82647_Question_7_2024-11-12_19-01-17_Video.mp4,3,1,68,297,364
Videos/82647/Visite_1/82647_Question_7_2024-11-12_19-01-17_Video.mp4,4,0,63,365,427
Videos/82647/Visite_1/82647_Question_7_2024-11-12_19-01-17_Video.mp4,5,1,50,428,477
Videos/82647/Visite_1/82647_Question_7_2024-11-12_19-01-17_Video.mp4,6,0,22,478,499
Videos/82647/Visite_1/82647_Question_7_2024-11-12_19-01-17_Video.mp4,7,1,119,500,618
Videos/82661/Visite_1/82661_Question_7_2024-11-13_12-44-18_Video.mp4,0,0,275,0,274
Videos/82661/Visite_1/82661_Question_7_2024-11-13_12-44-18_Video.mp4,1,1,257,275,531
Videos/82661/Visite_1/82661_Question_7_2024-11-13_12-44-18_Video.mp4,2,0,47,532,578
Videos/82704/Visite_1/82704_Question_5_2024-11-18_13-38-18_Video.mp4,0,1,201,0,200
Videos/82704/Visite_1/82704_Question_5_2024-11-18_13-38-18_Video.mp4,1,0,18,201,218
Videos/82704/Visite_1/82704_Question_5_2024-11-18_13-38-18_Video.mp4,2,1,95,219,313
Videos/82704/Visite_1/82704_Question_5_2024-11-18_13-38-18_Video.mp4,3,0,136,314,449
Videos/82674/Visite_1/82674_Question_1_2024-11-13_21-11-23_Video.mp4,0,0,166,0,165
Videos/82570/Visite_1/82570_Question_7_2024-10-02_16-02-09_Video.mp4,0,0,151,0,150
Videos/82570/Visite_1/82570_Question_7_2024-10-02_16-02-09_Video.mp4,1,1,73,151,223
Videos/82570/Visite_1/82570_Question_7_2024-10-02_16-02-09_Video.mp4,2,0,99,224,322
Videos/82570/Visite_1/82570_Question_7_2024-10-02_16-02-09_Video.mp4,3,1,47,323,369
Videos/82570/Visite_1/82570_Question_7_2024-10-02_16-02-09_Video.mp4,4,0,275,370,644
Videos/82570/Visite_1/82570_Question_7_2024-10-02_16-02-09_Video.mp4,5,1,61,645,705
Videos/82570/Visite_1/82570_Question_7_2024-10-02_16-02-09_Video.mp4,6,0,107,706,812
Videos/82660/Visite_1/82660_Question_5_2024-11-13_12-17-10_Video.mp4,0,0,326,0,325
Videos/82819/Visite_1/82819_Question_3_2025-02-01_11-47-09_Video.mp4,0,0,48,0,47
Videos/82819/Visite_1/82819_Question_3_2025-02-01_11-47-09_Video.mp4,1,1,68,48,115
Videos/82819/Visite_1/82819_Question_3_2025-02-01_11-47-09_Video.mp4,2,0,70,116,185
Videos/82596/Visite_1/82596_Question_2_2024-10-30_21-48-29_Video-DESKTOP-NQ55E0P.mp4,0,0,315,0,314
Videos/82895/Visite_1/82895_Question_3_2025-02-25_21-23-13_Video.mp4,0,0,319,0,318
Videos/82895/Visite_1/82895_Question_3_2025-02-25_21-23-13_Video.mp4,1,1,121,319,439
Videos/82581/Visite_1/82581_Question_6_2024-10-02_16-11-24_Video.mp4,0,0,129,0,128
Videos/82581/Visite_1/82581_Question_6_2024-10-02_16-11-24_Video.mp4,1,1,71,129,199
Videos/82581/Visite_1/82581_Question_6_2024-10-02_16-11-24_Video.mp4,2,0,199,200,398
Videos/82572/Visite_1/82572_Question_4_2024-10-02_16-01-57_Video.mp4,0,0,90,0,89
Videos/82572/Visite_1/82572_Question_4_2024-10-02_16-01-57_Video.mp4,1,1,81,90,170
Videos/82572/Visite_1/82572_Question_4_2024-10-02_16-01-57_Video.mp4,2,0,248,171,418
Videos/82572/Visite_1/82572_Question_4_2024-10-02_16-01-57_Video.mp4,3,1,52,419,470
Videos/82572/Visite_1/82572_Question_4_2024-10-02_16-01-57_Video.mp4,4,0,201,471,671
Videos/82554/Visite_1/82554_Question_5_2024-08-22_12-19-32_Video.mp4,0,0,257,0,256
Videos/82554/Visite_1/82554_Question_5_2024-08-22_12-19-32_Video.mp4,1,1,94,257,350
Videos/82554/Visite_1/82554_Question_5_2024-08-22_12-19-32_Video.mp4,2,0,222,351,572
Videos/82554/Visite_1/82554_Question_5_2024-08-22_12-19-32_Video.mp4,3,1,147,573,719
Videos/82554/Visite_1/82554_Question_5_2024-08-22_12-19-32_Video.mp4,4,0,54,720,773
Videos/82554/Visite_1/82554_Question_5_2024-08-22_12-19-32_Video.mp4,5,1,76,774,849
Videos/82554/Visite_1/82554_Question_5_2024-08-22_12-19-32_Video.mp4,6,0,34,850,883
Videos/82820/Visite_1/82820_Question_5_2025-02-02_05-06-13_Video.mp4,0,0,390,0,389
Videos/82820/Visite_1/82820_Question_5_2025-02-02_05-06-13_Video.mp4,1,1,116,390,505
Videos/82820/Visite_1/82820_Question_5_2025-02-02_05-06-13_Video.mp4,2,0,60,506,565
Videos/82638/Visite_1/82638_Question_5_2024-11-08_19-36-41_Video.mp4,0,0,202,0,201
Videos/82577/Visite_1/82577_Question_7_2024-10-02_16-10-05_Video.mp4,0,0,117,0,116
Videos/82577/Visite_1/82577_Question_7_2024-10-02_16-10-05_Video.mp4,1,1,63,117,179
Videos/82577/Visite_1/82577_Question_7_2024-10-02_16-10-05_Video.mp4,2,0,33,180,212
Videos/82577/Visite_1/82577_Question_7_2024-10-02_16-10-05_Video.mp4,3,1,54,213,266
Videos/82577/Visite_1/82577_Question_7_2024-10-02_16-10-05_Video.mp4,4,0,87,267,353
Videos/82584/Visite_1/82584_Question_3_2024-10-02_16-10-12_Video.mp4,0,0,299,0,298
Videos/82904/Visite_1/82904_Question_3_2025-02-27_09-27-13_Video.mp4,0,0,496,0,495
Videos/82756/Visite_1/82756_Question_4_2024-11-28_12-23-58_Video.mp4,0,0,143,0,142
Videos/82756/Visite_1/82756_Question_4_2024-11-28_12-23-58_Video.mp4,1,1,237,143,379
Videos/82756/Visite_1/82756_Question_4_2024-11-28_12-23-58_Video.mp4,2,0,256,380,635
Videos/82756/Visite_1/82756_Question_4_2024-11-28_12-23-58_Video.mp4,3,1,54,636,689
Videos/82756/Visite_1/82756_Question_4_2024-11-28_12-23-58_Video.mp4,4,0,91,690,780
Videos/82817/Visite_1/82817_Question_7_2025-02-01_02-03-16_Video.mp4,0,0,479,0,478
Videos/82728/Visite_1/82728_Question_6_2024-11-19_18-35-23_Video.mp4,0,0,263,0,262
Videos/82728/Visite_1/82728_Question_6_2024-11-19_18-35-23_Video.mp4,1,1,218,263,480
Videos/82728/Visite_1/82728_Question_6_2024-11-19_18-35-23_Video.mp4,2,0,213,481,693
Videos/82728/Visite_1/82728_Question_6_2024-11-19_18-35-23_Video.mp4,3,1,173,694,866
Videos/82728/Visite_1/82728_Question_6_2024-11-19_18-35-23_Video.mp4,4,0,78,867,944
Videos/82582/Visite_1/82582_Question_2_2024-10-02_16-10-41_Video.mp4,0,0,500,0,499
Videos/82804/Visite_1/82804_Question_3_2025-01-30_14-30-54_Video.mp4,0,0,343,0,342
Videos/82804/Visite_1/82804_Question_3_2025-01-30_14-30-54_Video.mp4,1,1,143,343,485
Videos/82804/Visite_1/82804_Question_3_2025-01-30_14-30-54_Video.mp4,2,0,27,486,512
Videos/82913/Visite_1/82913_Question_4_2025-03-01_19-07-59_Video.mp4,0,0,28,0,27
Videos/82913/Visite_1/82913_Question_4_2025-03-01_19-07-59_Video.mp4,1,1,48,28,75
Videos/82913/Visite_1/82913_Question_4_2025-03-01_19-07-59_Video.mp4,2,0,56,76,131
Videos/82809/Visite_1/82809_Question_4_2025-01-31_17-17-47_Video.mp4,0,0,532,0,531
Videos/82809/Visite_1/82809_Question_4_2025-01-31_17-17-47_Video.mp4,1,1,131,532,662
Videos/82809/Visite_1/82809_Question_4_2025-01-31_17-17-47_Video.mp4,2,0,27,663,689
Videos/82590/Visite_1/82590_Question_2_2024-10-02_16-17-17_Video.mp4,0,0,743,0,742
Videos/82590/Visite_1/82590_Question_2_2024-10-02_16-17-17_Video.mp4,1,1,77,743,819
Videos/82590/Visite_1/82590_Question_2_2024-10-02_16-17-17_Video.mp4,2,0,163,820,982
Videos/82590/Visite_1/82590_Question_2_2024-10-02_16-17-17_Video.mp4,3,1,117,983,1099
Videos/82590/Visite_1/82590_Question_2_2024-10-02_16-17-17_Video.mp4,4,0,147,1100,1246
Videos/82590/Visite_1/82590_Question_2_2024-10-02_16-17-17_Video.mp4,5,1,89,1247,1335
Videos/82590/Visite_1/82590_Question_2_2024-10-02_16-17-17_Video.mp4,6,0,124,1336,1459
Videos/82633/Visite_1/82633_Question_3_2024-11-06_15-29-56_Video.mp4,0,0,1578,0,1577
Videos/82587/Visite_1/82587_Question_4_2024-10-02_16-12-07_Video-DESKTOP-NQ55E0P.mp4,0,0,172,0,171
Videos/82587/Visite_1/82587_Question_4_2024-10-02_16-12-07_Video-DESKTOP-NQ55E0P.mp4,1,1,85,172,256
Videos/82587/Visite_1/82587_Question_4_2024-10-02_16-12-07_Video-DESKTOP-NQ55E0P.mp4,2,0,149,257,405
Videos/82912/Visite_1/82912_Question_6_2025-03-01_11-56-13_Video.mp4,0,0,809,0,808
Videos/82658/Visite_1/82658_Question_7_2024-11-13_11-52-53_Video.mp4,0,0,388,0,387
Videos/82658/Visite_1/82658_Question_7_2024-11-13_11-52-53_Video.mp4,1,1,235,388,622
Videos/82590/Visite_1/82590_Question_3_2024-10-02_16-15-14_Video-DESKTOP-NQ55E0P.mp4,0,0,96,0,95
Videos/82590/Visite_1/82590_Question_3_2024-10-02_16-15-14_Video-DESKTOP-NQ55E0P.mp4,1,1,86,96,181
Videos/82590/Visite_1/82590_Question_3_2024-10-02_16-15-14_Video-DESKTOP-NQ55E0P.mp4,2,0,481,182,662
Videos/82590/Visite_1/82590_Question_3_2024-10-02_16-15-14_Video-DESKTOP-NQ55E0P.mp4,3,1,77,663,739
Videos/82590/Visite_1/82590_Question_3_2024-10-02_16-15-14_Video-DESKTOP-NQ55E0P.mp4,4,0,243,740,982
Videos/82590/Visite_1/82590_Question_3_2024-10-02_16-15-14_Video-DESKTOP-NQ55E0P.mp4,5,1,74,983,1056
Videos/82590/Visite_1/82590_Question_3_2024-10-02_16-15-14_Video-DESKTOP-NQ55E0P.mp4,6,0,22,1057,1078
Videos/82590/Visite_1/82590_Question_3_2024-10-02_16-15-14_Video-DESKTOP-NQ55E0P.mp4,7,1,78,1079,1156
Videos/82590/Visite_1/82590_Question_3_2024-10-02_16-15-14_Video-DESKTOP-NQ55E0P.mp4,8,0,67,1157,1223
Videos/82590/Visite_1/82590_Question_3_2024-10-02_16-15-14_Video-DESKTOP-NQ55E0P.mp4,9,1,71,1224,1294
Videos/82590/Visite_1/82590_Question_3_2024-10-02_16-15-14_Video-DESKTOP-NQ55E0P.mp4,10,0,55,1295,1349
Videos/82918/Visite_1/82918_Question_1_2025-03-03_00-19-02_Video.mp4,0,0,478,0,477
Videos/82794/Visite_1/82794_Question_1_2025-01-30_12-48-38_Video.mp4,0,0,1234,0,1233
Videos/82676/Visite_1/82676_Question_3_2024-11-13_21-59-25_Video.mp4,0,0,191,0,190
Videos/82676/Visite_1/82676_Question_3_2024-11-13_21-59-25_Video.mp4,1,1,106,191,296
Videos/82676/Visite_1/82676_Question_3_2024-11-13_21-59-25_Video.mp4,2,0,38,297,334
Videos/82676/Visite_1/82676_Question_3_2024-11-13_21-59-25_Video.mp4,3,1,217,335,551
Videos/82676/Visite_1/82676_Question_3_2024-11-13_21-59-25_Video.mp4,4,0,80,552,631
Videos/82676/Visite_1/82676_Question_3_2024-11-13_21-59-25_Video.mp4,5,1,98,632,729
Videos/82676/Visite_1/82676_Question_3_2024-11-13_21-59-25_Video.mp4,6,0,301,730,1030
Videos/82676/Visite_1/82676_Question_3_2024-11-13_21-59-25_Video.mp4,7,1,134,1031,1164
Videos/82676/Visite_1/82676_Question_3_2024-11-13_21-59-25_Video.mp4,8,0,43,1165,1207
Videos/82807/Visite_1/82807_Question_7_2025-01-30_18-35-53_Video.mp4,0,0,167,0,166
Videos/82807/Visite_1/82807_Question_7_2025-01-30_18-35-53_Video.mp4,1,1,244,167,410
Videos/82807/Visite_1/82807_Question_7_2025-01-30_18-35-53_Video.mp4,3,1,284,419,702
Videos/82807/Visite_1/82807_Question_7_2025-01-30_18-35-53_Video.mp4,4,0,204,703,906
Videos/82627/Visite_1/82627_Question_1_2024-11-06_11-44-42_Video.mp4,0,0,404,0,403
Videos/82792/Visite_1/82792_Question_6_2024-12-14_14-03-39_Video.mp4,0,0,664,0,663
Videos/82660/Visite_1/82660_Question_4_2024-11-13_12-14-46_Video.mp4,0,0,123,0,122
Videos/82660/Visite_1/82660_Question_4_2024-11-13_12-14-46_Video.mp4,1,1,60,123,182
Videos/82660/Visite_1/82660_Question_4_2024-11-13_12-14-46_Video.mp4,2,0,85,183,267
Videos/82660/Visite_1/82660_Question_4_2024-11-13_12-14-46_Video.mp4,3,1,46,268,313
Videos/82654/Visite_1/82654_Question_1_2024-11-13_08-17-10_Video.mp4,0,0,235,0,234
Videos/82794/Visite_1/82794_Question_3_2025-01-30_12-49-49_Video.mp4,0,0,143,0,142
Videos/82794/Visite_1/82794_Question_3_2025-01-30_12-49-49_Video.mp4,1,1,73,143,215
Videos/82794/Visite_1/82794_Question_3_2025-01-30_12-49-49_Video.mp4,2,0,195,216,410
Videos/82706/Visite_1/82706_Question_1_2024-11-18_14-26-49_Video-DESKTOP-NQ55E0P.mp4,0,0,479,0,478
Videos/82846/Visite_1/82846_Question_2_2025-02-12_15-46-24_Video.mp4,0,0,182,0,181
Videos/82758/Visite_1/82758_Question_7_2024-12-03_18-49-16_Video.mp4,0,0,147,0,146
Videos/82758/Visite_1/82758_Question_7_2024-12-03_18-49-16_Video.mp4,1,1,90,147,236
Videos/82758/Visite_1/82758_Question_7_2024-12-03_18-49-16_Video.mp4,3,1,215,246,460
Videos/82619/Visite_1/82619_Question_2_2024-11-05_14-55-20_Video.mp4,0,0,2204,0,2203
Videos/82741/Visite_1/82741_Question_5_2024-11-27_16-40-21_Video.mp4,0,0,316,0,315
Videos/82741/Visite_1/82741_Question_5_2024-11-27_16-40-21_Video.mp4,1,1,149,316,464
Videos/82741/Visite_1/82741_Question_5_2024-11-27_16-40-21_Video.mp4,2,0,166,465,630
Videos/82741/Visite_1/82741_Question_5_2024-11-27_16-40-21_Video.mp4,3,1,70,631,700
Videos/82741/Visite_1/82741_Question_5_2024-11-27_16-40-21_Video.mp4,4,0,456,701,1156
Videos/82741/Visite_1/82741_Question_5_2024-11-27_16-40-21_Video.mp4,5,1,122,1157,1278
Videos/82741/Visite_1/82741_Question_5_2024-11-27_16-40-21_Video.mp4,6,0,130,1279,1408
Videos/82806/Visite_1/82806_Question_7_2025-01-30_18-13-24_Video.mp4,0,0,165,0,164
Videos/82553/Visite_1/82553_Question_3_2024-08-22_12-19-41_Video.mp4,0,0,348,0,347
Videos/82567/Visite_1/82567_Question_5_2024-10-02_15-48-00_Video.mp4,0,0,167,0,166
Videos/82567/Visite_1/82567_Question_5_2024-10-02_15-48-00_Video.mp4,1,1,66,167,232
Videos/82567/Visite_1/82567_Question_5_2024-10-02_15-48-00_Video.mp4,2,0,377,233,609
Videos/82723/Visite_1/82723_Question_2_2024-11-19_13-46-26_Video.mp4,0,0,46,0,45
Videos/82723/Visite_1/82723_Question_2_2024-11-19_13-46-26_Video.mp4,1,1,79,46,124
Videos/82723/Visite_1/82723_Question_2_2024-11-19_13-46-26_Video.mp4,2,0,595,125,719
Videos/82554/Visite_1/82554_Question_4_2024-08-22_12-22-16_Video.mp4,0,0,170,0,169
Videos/82554/Visite_1/82554_Question_4_2024-08-22_12-22-16_Video.mp4,1,1,98,170,267
Videos/82554/Visite_1/82554_Question_4_2024-08-22_12-22-16_Video.mp4,2,0,430,268,697
Videos/82554/Visite_1/82554_Question_4_2024-08-22_12-22-16_Video.mp4,3,1,109,698,806
Videos/82554/Visite_1/82554_Question_4_2024-08-22_12-22-16_Video.mp4,4,0,23,807,829
Videos/82554/Visite_1/82554_Question_4_2024-08-22_12-22-16_Video.mp4,5,1,216,830,1045
Videos/82572/Visite_1/82572_Question_1_2024-10-02_15-59-14_Video.mp4,0,0,331,0,330
Videos/82759/Visite_1/82759_Question_7_2024-12-03_18-57-26_Video.mp4,0,0,137,0,136
Videos/82759/Visite_1/82759_Question_7_2024-12-03_18-57-26_Video.mp4,1,1,64,137,200
Videos/82759/Visite_1/82759_Question_7_2024-12-03_18-57-26_Video.mp4,2,0,172,201,372
Videos/82759/Visite_1/82759_Question_7_2024-12-03_18-57-26_Video.mp4,3,1,65,373,437
Videos/82759/Visite_1/82759_Question_7_2024-12-03_18-57-26_Video.mp4,4,0,106,438,543
Videos/82759/Visite_1/82759_Question_7_2024-12-03_18-57-26_Video.mp4,5,1,53,544,596
Videos/82759/Visite_1/82759_Question_7_2024-12-03_18-57-26_Video.mp4,6,0,19,597,615
Videos/82759/Visite_1/82759_Question_7_2024-12-03_18-57-26_Video.mp4,7,1,33,616,648
Videos/82759/Visite_1/82759_Question_7_2024-12-03_18-57-26_Video.mp4,8,0,18,649,666
Videos/82812/Visite_1/82812_Question_7_2025-01-31_19-11-53_Video.mp4,0,0,231,0,230
Videos/82812/Visite_1/82812_Question_7_2025-01-31_19-11-53_Video.mp4,1,1,56,231,286
Videos/82812/Visite_1/82812_Question_7_2025-01-31_19-11-53_Video.mp4,2,0,913,287,1199
Videos/82812/Visite_1/82812_Question_7_2025-01-31_19-11-53_Video.mp4,3,1,74,1200,1273
Videos/82812/Visite_1/82812_Question_7_2025-01-31_19-11-53_Video.mp4,4,0,148,1274,1421
Videos/82663/Visite_1/82663_Question_1_2024-11-13_14-51-17_Video.mp4,0,0,720,0,719
Videos/82919/Visite_1/82919_Question_7_2025-03-03_09-45-48_Video.mp4,0,0,227,0,226
Videos/82919/Visite_1/82919_Question_7_2025-03-03_09-45-48_Video.mp4,1,1,94,227,320
Videos/82732/Visite_1/82732_Question_7_2024-11-20_01-40-00_Video.mp4,0,0,95,0,94
Videos/82732/Visite_1/82732_Question_7_2024-11-20_01-40-00_Video.mp4,1,1,101,95,195
Videos/82732/Visite_1/82732_Question_7_2024-11-20_01-40-00_Video.mp4,2,0,29,196,224
Videos/82732/Visite_1/82732_Question_7_2024-11-20_01-40-00_Video.mp4,3,1,105,225,329
Videos/82732/Visite_1/82732_Question_7_2024-11-20_01-40-00_Video.mp4,4,0,117,330,446
Videos/82866/Visite_1/82866_Question_2_2025-02-20_14-59-05_Video.mp4,0,0,568,0,567
Videos/82807/Visite_1/82807_Question_1_2025-01-30_18-31-36_Video.mp4,0,0,379,0,378
Videos/82913/Visite_1/82913_Question_3_2025-03-01_19-08-23_Video.mp4,0,0,217,0,216
Videos/82908/Visite_1/82908_Question_5_2025-02-28_12-26-37_Video.mp4,0,0,21,0,20
Videos/82908/Visite_1/82908_Question_5_2025-02-28_12-26-37_Video.mp4,1,1,69,21,89
Videos/82908/Visite_1/82908_Question_5_2025-02-28_12-26-37_Video.mp4,2,0,426,90,515
Videos/82723/Visite_1/82723_Question_6_2024-11-19_13-51-04_Video.mp4,0,0,303,0,302
Videos/82723/Visite_1/82723_Question_6_2024-11-19_13-51-04_Video.mp4,1,1,57,303,359
Videos/82723/Visite_1/82723_Question_6_2024-11-19_13-51-04_Video.mp4,2,0,179,360,538
Videos/82820/Visite_1/82820_Question_4_2025-02-02_05-02-00_Video.mp4,0,0,109,0,108
Videos/82820/Visite_1/82820_Question_4_2025-02-02_05-02-00_Video.mp4,1,1,100,109,208
Videos/82820/Visite_1/82820_Question_4_2025-02-02_05-02-00_Video.mp4,2,0,124,209,332
Videos/82820/Visite_1/82820_Question_4_2025-02-02_05-02-00_Video.mp4,3,1,106,333,438
Videos/82866/Visite_1/82866_Question_5_2025-02-20_14-55-33_Video.mp4,0,0,355,0,354
Videos/82768/Visite_1/82768_Question_1_2024-12-04_20-31-17_Video.mp4,0,0,738,0,737
Videos/82554/Visite_1/82554_Question_6_2024-08-22_12-18-13_Video.mp4,0,0,1765,0,1764
Videos/82743/Visite_1/82743_Question_7_2024-11-27_18-10-13_Video.mp4,0,0,127,0,126
Videos/82743/Visite_1/82743_Question_7_2024-11-27_18-10-13_Video.mp4,1,1,77,127,203
Videos/82743/Visite_1/82743_Question_7_2024-11-27_18-10-13_Video.mp4,2,0,63,204,266
Videos/82743/Visite_1/82743_Question_7_2024-11-27_18-10-13_Video.mp4,3,1,67,267,333
Videos/82743/Visite_1/82743_Question_7_2024-11-27_18-10-13_Video.mp4,4,0,17,334,350
Videos/82743/Visite_1/82743_Question_7_2024-11-27_18-10-13_Video.mp4,5,1,42,351,392
Videos/82743/Visite_1/82743_Question_7_2024-11-27_18-10-13_Video.mp4,6,0,175,393,567
Videos/82845/Visite_1/82845_Question_5_2025-02-12_14-15-26_Video.mp4,0,0,1358,0,1357
Videos/82787/Visite_1/82787_Question_6_2024-12-12_21-47-54_Video.mp4,0,0,276,0,275
Videos/82792/Visite_1/82792_Question_4_2024-12-14_14-00-07_Video.mp4,0,0,82,0,81
Videos/82792/Visite_1/82792_Question_4_2024-12-14_14-00-07_Video.mp4,1,1,71,82,152
Videos/82792/Visite_1/82792_Question_4_2024-12-14_14-00-07_Video.mp4,2,0,62,153,214
Videos/82792/Visite_1/82792_Question_4_2024-12-14_14-00-07_Video.mp4,3,1,73,215,287
Videos/82792/Visite_1/82792_Question_4_2024-12-14_14-00-07_Video.mp4,4,0,246,288,533
Videos/82620/Visite_1/82620_Question_3_2024-11-05_15-01-20_Video.mp4,0,0,243,0,242
Videos/82620/Visite_1/82620_Question_3_2024-11-05_15-01-20_Video.mp4,1,1,144,243,386
Videos/82620/Visite_1/82620_Question_3_2024-11-05_15-01-20_Video.mp4,2,0,380,387,766
Videos/82620/Visite_1/82620_Question_3_2024-11-05_15-01-20_Video.mp4,3,1,90,767,856
Videos/82620/Visite_1/82620_Question_3_2024-11-05_15-01-20_Video.mp4,4,0,235,857,1091
Videos/82658/Visite_1/82658_Question_6_2024-11-13_11-54-42_Video.mp4,0,0,603,0,602
Videos/82650/Visite_1/82650_Question_6_2024-11-13_00-36-58_Video.mp4,0,0,450,0,449
Videos/82575/Visite_1/82575_Question_7_2024-10-02_16-05-26_Video.mp4,0,0,90,0,89
Videos/82575/Visite_1/82575_Question_7_2024-10-02_16-05-26_Video.mp4,1,1,51,90,140
Videos/82575/Visite_1/82575_Question_7_2024-10-02_16-05-26_Video.mp4,2,0,216,141,356
Videos/82575/Visite_1/82575_Question_7_2024-10-02_16-05-26_Video.mp4,3,1,43,357,399
Videos/82575/Visite_1/82575_Question_7_2024-10-02_16-05-26_Video.mp4,4,0,334,400,733
Videos/82575/Visite_1/82575_Question_7_2024-10-02_16-05-26_Video.mp4,5,1,65,734,798
Videos/82575/Visite_1/82575_Question_7_2024-10-02_16-05-26_Video.mp4,6,0,45,799,843
Videos/82575/Visite_1/82575_Question_7_2024-10-02_16-05-26_Video.mp4,7,1,35,844,878
Videos/82575/Visite_1/82575_Question_7_2024-10-02_16-05-26_Video.mp4,8,0,127,879,1005
Videos/82575/Visite_1/82575_Question_7_2024-10-02_16-05-26_Video.mp4,9,1,68,1006,1073
Videos/82575/Visite_1/82575_Question_7_2024-10-02_16-05-26_Video.mp4,10,0,317,1074,1390
Videos/82584/Visite_1/82584_Question_1_2024-10-02_16-09-14_Video.mp4,0,0,284,0,283
Videos/82584/Visite_1/82584_Question_1_2024-10-02_16-09-14_Video.mp4,1,1,76,284,359
Videos/82584/Visite_1/82584_Question_1_2024-10-02_16-09-14_Video.mp4,2,0,99,360,458
Videos/82890/Visite_1/82890_Question_2_2025-02-25_15-25-40_Video.mp4,0,0,781,0,780
Videos/82890/Visite_1/82890_Question_2_2025-02-25_15-25-40_Video.mp4,1,1,154,781,934
Videos/82572/Visite_1/82572_Question_2_2024-10-02_16-04-15_Video.mp4,0,0,274,0,273
Videos/82572/Visite_1/82572_Question_2_2024-10-02_16-04-15_Video.mp4,1,1,71,274,344
Videos/82572/Visite_1/82572_Question_2_2024-10-02_16-04-15_Video.mp4,2,0,81,345,425
Videos/82572/Visite_1/82572_Question_2_2024-10-02_16-04-15_Video.mp4,3,1,71,426,496
Videos/82572/Visite_1/82572_Question_2_2024-10-02_16-04-15_Video.mp4,4,0,162,497,658
Videos/82804/Visite_1/82804_Question_4_2025-01-30_14-30-15_Video.mp4,0,0,281,0,280
Videos/82804/Visite_1/82804_Question_4_2025-01-30_14-30-15_Video.mp4,1,1,159,281,439
Videos/82587/Visite_1/82587_Question_6_2024-10-02_16-15-54_Video.mp4,0,0,481,0,480
Videos/82723/Visite_1/82723_Question_1_2024-11-19_13-45-01_Video.mp4,0,0,170,0,169
Videos/82845/Visite_1/82845_Question_3_2025-02-12_14-12-46_Video.mp4,0,0,166,0,165
Videos/82845/Visite_1/82845_Question_3_2025-02-12_14-12-46_Video.mp4,1,1,97,166,262
Videos/82845/Visite_1/82845_Question_3_2025-02-12_14-12-46_Video.mp4,2,0,1255,263,1517
Videos/82868/Visite_1/82868_Question_1_2025-02-20_15-09-07_Video.mp4,0,0,375,0,374
Videos/82680/Visite_1/82680_Question_4_2024-11-14_01-07-38_Video.mp4,0,0,263,0,262
Videos/82680/Visite_1/82680_Question_4_2024-11-14_01-07-38_Video.mp4,1,1,120,263,382
Videos/82680/Visite_1/82680_Question_4_2024-11-14_01-07-38_Video.mp4,2,0,28,383,410
Videos/82680/Visite_1/82680_Question_4_2024-11-14_01-07-38_Video.mp4,3,1,405,411,815
Videos/82680/Visite_1/82680_Question_4_2024-11-14_01-07-38_Video.mp4,4,0,717,816,1532
Videos/82684/Visite_1/82684_Question_1_2024-11-14_10-48-51_Video.mp4,0,0,837,0,836
Videos/82879/Visite_1/82879_Question_1_2025-02-21_14-03-48_Video.mp4,0,0,142,0,141
Videos/82879/Visite_1/82879_Question_1_2025-02-21_14-03-48_Video.mp4,1,1,104,142,245
Videos/82879/Visite_1/82879_Question_1_2025-02-21_14-03-48_Video.mp4,2,0,214,246,459
Videos/82612/Visite_1/82612_Question_3_2024-11-04_12-29-07_Video.mp4,0,0,247,0,246
Videos/82792/Visite_1/82792_Question_3_2024-12-14_13-58-08_Video.mp4,0,0,697,0,696
Videos/82684/Visite_1/82684_Question_5_2024-11-14_10-55-56_Video.mp4,0,0,37,0,36
Videos/82684/Visite_1/82684_Question_5_2024-11-14_10-55-56_Video.mp4,1,1,61,37,97
Videos/82684/Visite_1/82684_Question_5_2024-11-14_10-55-56_Video.mp4,2,0,140,98,237
Videos/82684/Visite_1/82684_Question_5_2024-11-14_10-55-56_Video.mp4,3,1,133,238,370
Videos/82652/Visite_1/82652_Question_5_2024-11-13_07-42-21_Video.mp4,0,0,315,0,314
Videos/82652/Visite_1/82652_Question_5_2024-11-13_07-42-21_Video.mp4,1,1,100,315,414
Videos/82652/Visite_1/82652_Question_5_2024-11-13_07-42-21_Video.mp4,2,0,284,415,698
Videos/82621/Visite_1/82621_Question_2_2024-11-05_15-00-48_Video.mp4,0,0,155,0,154
Videos/82621/Visite_1/82621_Question_2_2024-11-05_15-00-48_Video.mp4,1,1,78,155,232
Videos/82621/Visite_1/82621_Question_2_2024-11-05_15-00-48_Video.mp4,2,0,168,233,400
Videos/82875/Visite_1/82875_Question_1_2025-02-20_18-06-50_Video.mp4,0,0,153,0,152
Videos/82779/Visite_1/82779_Question_2_2024-12-08_19-19-23_Video.mp4,0,0,469,0,468
Videos/82779/Visite_1/82779_Question_2_2024-12-08_19-19-23_Video.mp4,1,1,82,469,550
Videos/82779/Visite_1/82779_Question_2_2024-12-08_19-19-23_Video.mp4,2,0,51,551,601
Videos/82641/Visite_1/82641_Question_4_2024-11-11_11-35-01_Video.mp4,0,0,56,0,55
Videos/82641/Visite_1/82641_Question_4_2024-11-11_11-35-01_Video.mp4,1,1,52,56,107
Videos/82641/Visite_1/82641_Question_4_2024-11-11_11-35-01_Video.mp4,2,0,24,108,131
Videos/82641/Visite_1/82641_Question_4_2024-11-11_11-35-01_Video.mp4,3,1,34,132,165
Videos/82641/Visite_1/82641_Question_4_2024-11-11_11-35-01_Video.mp4,4,0,38,166,203
Videos/82641/Visite_1/82641_Question_4_2024-11-11_11-35-01_Video.mp4,5,1,35,204,238
Videos/82601/Visite_1/82601_Question_1_2024-11-01_20-13-03_Video.mp4,0,0,400,0,399
Videos/82601/Visite_1/82601_Question_1_2024-11-01_20-13-03_Video.mp4,1,1,34,400,433
Videos/82601/Visite_1/82601_Question_1_2024-11-01_20-13-03_Video.mp4,2,0,370,434,803
Videos/82790/Visite_1/82790_Question_3_2024-12-13_21-06-05_Video.mp4,0,0,829,0,828
Videos/82603/Visite_1/82603_Question_1_2024-11-01_23-46-28_Video.mp4,0,0,80,0,79
Videos/82603/Visite_1/82603_Question_1_2024-11-01_23-46-28_Video.mp4,1,1,39,80,118
Videos/82603/Visite_1/82603_Question_1_2024-11-01_23-46-28_Video.mp4,3,1,61,126,186
Videos/82603/Visite_1/82603_Question_1_2024-11-01_23-46-28_Video.mp4,4,0,305,187,491
Videos/82603/Visite_1/82603_Question_1_2024-11-01_23-46-28_Video.mp4,5,1,72,492,563
Videos/82603/Visite_1/82603_Question_1_2024-11-01_23-46-28_Video.mp4,6,0,103,564,666
Videos/82725/Visite_1/82725_Question_4_2024-11-19_15-15-14_Video.mp4,0,0,22,0,21
Videos/82725/Visite_1/82725_Question_4_2024-11-19_15-15-14_Video.mp4,1,1,155,22,176
Videos/82725/Visite_1/82725_Question_4_2024-11-19_15-15-14_Video.mp4,2,0,38,177,214
Videos/82725/Visite_1/82725_Question_4_2024-11-19_15-15-14_Video.mp4,3,1,152,215,366
Videos/82723/Visite_1/82723_Question_7_2024-11-19_13-48-15_Video.mp4,0,0,99,0,98
Videos/82723/Visite_1/82723_Question_7_2024-11-19_13-48-15_Video.mp4,1,1,62,99,160
Videos/82723/Visite_1/82723_Question_7_2024-11-19_13-48-15_Video.mp4,2,0,287,161,447
Videos/82723/Visite_1/82723_Question_7_2024-11-19_13-48-15_Video.mp4,3,1,68,448,515
Videos/82723/Visite_1/82723_Question_7_2024-11-19_13-48-15_Video.mp4,4,0,44,516,559
Videos/82882/Visite_1/82882_Question_6_2025-02-22_21-46-49_Video.mp4,0,0,188,0,187
Videos/82882/Visite_1/82882_Question_6_2025-02-22_21-46-49_Video.mp4,1,1,76,188,263
Videos/82882/Visite_1/82882_Question_6_2025-02-22_21-46-49_Video.mp4,2,0,118,264,381
Videos/82882/Visite_1/82882_Question_6_2025-02-22_21-46-49_Video.mp4,3,1,50,382,431
Videos/82882/Visite_1/82882_Question_6_2025-02-22_21-46-49_Video.mp4,4,0,44,432,475
Videos/82882/Visite_1/82882_Question_6_2025-02-22_21-46-49_Video.mp4,5,1,112,476,587
Videos/82882/Visite_1/82882_Question_6_2025-02-22_21-46-49_Video.mp4,6,0,528,588,1115
Videos/82725/Visite_1/82725_Question_6_2024-11-19_15-13-09_Video.mp4,0,0,94,0,93
Videos/82725/Visite_1/82725_Question_6_2024-11-19_15-13-09_Video.mp4,1,1,134,94,227
Videos/82656/Visite_1/82656_Question_7_2024-11-13_11-20-54_Video.mp4,0,0,227,0,226
Videos/82656/Visite_1/82656_Question_7_2024-11-13_11-20-54_Video.mp4,1,1,63,227,289
Videos/82656/Visite_1/82656_Question_7_2024-11-13_11-20-54_Video.mp4,2,0,195,290,484
Videos/82656/Visite_1/82656_Question_7_2024-11-13_11-20-54_Video.mp4,3,1,98,485,582
Videos/82730/Visite_1/82730_Question_4_2024-11-19_20-52-51_Video.mp4,0,0,546,0,545
Videos/82730/Visite_1/82730_Question_4_2024-11-19_20-52-51_Video.mp4,1,1,88,546,633
Videos/82730/Visite_1/82730_Question_4_2024-11-19_20-52-51_Video.mp4,2,0,320,634,953
Videos/82730/Visite_1/82730_Question_4_2024-11-19_20-52-51_Video.mp4,3,1,75,954,1028
Videos/82730/Visite_1/82730_Question_4_2024-11-19_20-52-51_Video.mp4,4,0,149,1029,1177
Videos/82601/Visite_1/82601_Question_7_2024-11-01_20-20-06_Video-DESKTOP-NQ55E0P.mp4,0,0,63,0,62
Videos/82601/Visite_1/82601_Question_7_2024-11-01_20-20-06_Video-DESKTOP-NQ55E0P.mp4,1,1,73,63,135
Videos/82601/Visite_1/82601_Question_7_2024-11-01_20-20-06_Video-DESKTOP-NQ55E0P.mp4,2,0,499,136,634
Videos/82601/Visite_1/82601_Question_7_2024-11-01_20-20-06_Video-DESKTOP-NQ55E0P.mp4,3,1,65,635,699
Videos/82601/Visite_1/82601_Question_7_2024-11-01_20-20-06_Video-DESKTOP-NQ55E0P.mp4,4,0,673,700,1372
Videos/82685/Visite_1/82685_Question_7_2024-11-14_11-01-36_Video.mp4,0,0,87,0,86
Videos/82685/Visite_1/82685_Question_7_2024-11-14_11-01-36_Video.mp4,1,1,47,87,133
Videos/82685/Visite_1/82685_Question_7_2024-11-14_11-01-36_Video.mp4,2,0,177,134,310
Videos/82685/Visite_1/82685_Question_7_2024-11-14_11-01-36_Video.mp4,3,1,193,311,503
Videos/82685/Visite_1/82685_Question_7_2024-11-14_11-01-36_Video.mp4,4,0,39,504,542
Videos/82685/Visite_1/82685_Question_7_2024-11-14_11-01-36_Video.mp4,5,1,136,543,678
Videos/82685/Visite_1/82685_Question_7_2024-11-14_11-01-36_Video.mp4,6,0,33,679,711
Videos/82660/Visite_1/82660_Question_1_2024-11-13_12-13-53_Video.mp4,0,0,308,0,307
Videos/82750/Visite_1/82750_Question_1_2024-11-28_01-11-49_Video.mp4,0,0,364,0,363
Videos/82656/Visite_1/82656_Question_6_2024-11-13_11-20-04_Video.mp4,0,0,98,0,97
Videos/82656/Visite_1/82656_Question_6_2024-11-13_11-20-04_Video.mp4,1,1,120,98,217
Videos/82656/Visite_1/82656_Question_6_2024-11-13_11-20-04_Video.mp4,2,0,69,218,286
Videos/82656/Visite_1/82656_Question_6_2024-11-13_11-20-04_Video.mp4,3,1,94,287,380
Videos/82656/Visite_1/82656_Question_6_2024-11-13_11-20-04_Video.mp4,4,0,98,381,478
Videos/82656/Visite_1/82656_Question_6_2024-11-13_11-20-04_Video.mp4,5,1,54,479,532
Videos/82664/Visite_1/82664_Question_3_2024-11-13_15-37-36_Video.mp4,0,0,712,0,711
Videos/82567/Visite_1/82567_Question_4_2024-10-02_15-44-38_Video.mp4,0,0,146,0,145
Videos/82567/Visite_1/82567_Question_4_2024-10-02_15-44-38_Video.mp4,1,1,72,146,217
Videos/82567/Visite_1/82567_Question_4_2024-10-02_15-44-38_Video.mp4,2,0,71,218,288
Videos/82567/Visite_1/82567_Question_4_2024-10-02_15-44-38_Video.mp4,3,1,73,289,361
Videos/82567/Visite_1/82567_Question_4_2024-10-02_15-44-38_Video.mp4,5,1,57,376,432
Videos/82567/Visite_1/82567_Question_4_2024-10-02_15-44-38_Video.mp4,6,0,80,433,512
Videos/82627/Visite_1/82627_Question_5_2024-11-06_11-43-17_Video-DESKTOP-NQ55E0P.mp4,0,0,44,0,43
Videos/82627/Visite_1/82627_Question_5_2024-11-06_11-43-17_Video-DESKTOP-NQ55E0P.mp4,1,1,58,44,101
Videos/82627/Visite_1/82627_Question_5_2024-11-06_11-43-17_Video-DESKTOP-NQ55E0P.mp4,3,1,137,115,251
Videos/82627/Visite_1/82627_Question_5_2024-11-06_11-43-17_Video-DESKTOP-NQ55E0P.mp4,4,0,406,252,657
Videos/82759/Visite_1/82759_Question_4_2024-12-03_18-54-32_Video.mp4,0,0,313,0,312
Videos/82759/Visite_1/82759_Question_4_2024-12-03_18-54-32_Video.mp4,1,1,63,313,375
Videos/82759/Visite_1/82759_Question_4_2024-12-03_18-54-32_Video.mp4,3,1,53,381,433
Videos/82759/Visite_1/82759_Question_4_2024-12-03_18-54-32_Video.mp4,4,0,62,434,495
Videos/82759/Visite_1/82759_Question_1_2024-12-03_18-53-21_Video.mp4,0,0,235,0,234
Videos/82701/Visite_1/82701_Question_4_2024-11-18_12-09-18_Video.mp4,0,0,143,0,142
Videos/82701/Visite_1/82701_Question_4_2024-11-18_12-09-18_Video.mp4,1,1,183,143,325
Videos/82701/Visite_1/82701_Question_4_2024-11-18_12-09-18_Video.mp4,2,0,33,326,358
Videos/82701/Visite_1/82701_Question_4_2024-11-18_12-09-18_Video.mp4,3,1,69,359,427
Videos/82750/Visite_1/82750_Question_7_2024-11-28_01-14-18_Video.mp4,0,0,335,0,334
Videos/82750/Visite_1/82750_Question_7_2024-11-28_01-14-18_Video.mp4,1,1,142,335,476
Videos/82750/Visite_1/82750_Question_7_2024-11-28_01-14-18_Video.mp4,2,0,130,477,606
Videos/82680/Visite_1/82680_Question_1_2024-11-14_01-03-52_Video.mp4,0,0,238,0,237
Videos/82680/Visite_1/82680_Question_1_2024-11-14_01-03-52_Video.mp4,1,1,91,238,328
Videos/82680/Visite_1/82680_Question_1_2024-11-14_01-03-52_Video.mp4,2,0,193,329,521
Videos/82680/Visite_1/82680_Question_1_2024-11-14_01-03-52_Video.mp4,3,1,89,522,610
Videos/82680/Visite_1/82680_Question_1_2024-11-14_01-03-52_Video.mp4,4,0,419,611,1029
Videos/82680/Visite_1/82680_Question_1_2024-11-14_01-03-52_Video.mp4,5,1,179,1030,1208
Videos/82680/Visite_1/82680_Question_1_2024-11-14_01-03-52_Video.mp4,6,0,42,1209,1250
Videos/82699/Visite_1/82699_Question_1_2024-11-17_13-09-59_Video.mp4,0,0,424,0,423
Videos/82756/Visite_1/82756_Question_3_2024-11-28_12-22-00_Video.mp4,0,0,488,0,487
Videos/82723/Visite_1/82723_Question_5_2024-11-19_13-49-35_Video.mp4,0,0,231,0,230
Videos/82723/Visite_1/82723_Question_5_2024-11-19_13-49-35_Video.mp4,1,1,51,231,281
Videos/82723/Visite_1/82723_Question_5_2024-11-19_13-49-35_Video.mp4,2,0,221,282,502
Videos/82723/Visite_1/82723_Question_5_2024-11-19_13-49-35_Video.mp4,3,1,67,503,569
Videos/82723/Visite_1/82723_Question_5_2024-11-19_13-49-35_Video.mp4,4,0,60,570,629
Videos/82680/Visite_1/82680_Question_2_2024-11-14_01-05-34_Video.mp4,0,0,21,0,20
Videos/82680/Visite_1/82680_Question_2_2024-11-14_01-05-34_Video.mp4,1,1,132,21,152
Videos/82680/Visite_1/82680_Question_2_2024-11-14_01-05-34_Video.mp4,2,0,68,153,220
Videos/82680/Visite_1/82680_Question_2_2024-11-14_01-05-34_Video.mp4,3,1,66,221,286
Videos/82680/Visite_1/82680_Question_2_2024-11-14_01-05-34_Video.mp4,4,0,168,287,454
Videos/82680/Visite_1/82680_Question_2_2024-11-14_01-05-34_Video.mp4,5,1,191,455,645
Videos/82680/Visite_1/82680_Question_2_2024-11-14_01-05-34_Video.mp4,6,0,395,646,1040
Videos/82576/Visite_1/82576_Question_6_2024-10-02_16-01-09_Video.mp4,0,0,254,0,253
Videos/82792/Visite_1/82792_Question_2_2024-12-14_13-59-22_Video.mp4,0,0,166,0,165
Videos/82792/Visite_1/82792_Question_2_2024-12-14_13-59-22_Video.mp4,1,1,59,166,224
Videos/82792/Visite_1/82792_Question_2_2024-12-14_13-59-22_Video.mp4,2,0,41,225,265
Videos/82792/Visite_1/82792_Question_2_2024-12-14_13-59-22_Video.mp4,3,1,43,266,308
Videos/82792/Visite_1/82792_Question_2_2024-12-14_13-59-22_Video.mp4,5,1,55,310,364
Videos/82792/Visite_1/82792_Question_2_2024-12-14_13-59-22_Video.mp4,6,0,22,365,386
